0,1.3515047318306648,1.3990846180475704,0.024361164856185683,0.023218721360720097
1,1.3192716787465895,1.371358730825173,0.052087052078583496,0.0
2,1.3885863968025838,1.4129475616587694,0.024361164856185683,0.0
3,1.3885863968025838,1.4129475616587694,0.024361164856185683,0.0
4,1.3885863968025838,1.4129475616587694,0.024361164856185683,0.0
5,1.3885863968025838,1.4129475616587694,0.024361164856185683,0.0
6,1.3885863968025838,1.4129475616587694,0.024361164856185683,0.0
7,1.3885863968025838,1.4129475616587694,0.024361164856185683,0.0
8,1.3885863968025838,1.4129475616587694,0.024361164856185683,0.0
9,1.3885863968025838,1.4129475616587694,0.024361164856185683,0.0
10,1.371303633383792,1.3990846180475704,0.024361164856185683,0.003419819807592706
11,1.3133046491246319,1.3852216744363717,0.052087052078583496,0.01982997323315636
12,1.3885863968025838,1.4129475616587694,0.024361164856185683,0.0
13,1.3192716787465895,1.371358730825173,0.052087052078583496,0.0
14,1.3885863968025838,1.4129475616587694,0.024361164856185683,0.0
15,1.3885863968025838,1.4129475616587694,0.024361164856185683,0.0
16,1.3885863968025838,1.4129475616587694,0.024361164856185683,0.0
17,1.2876608678473054,1.3852216744363717,0.052087052078583496,0.045473754510482946
18,1.3747234531913848,1.3990846180475704,0.024361164856185683,0.0
19,1.3524420333189202,1.4129475616587694,0.024361164856185683,0.036144363483663615
20,1.3036288576010653,1.3852216744363717,0.052087052078583496,0.029505764756722938
21,1.3885863968025838,1.4129475616587694,0.024361164856185683,0.0
22,1.3885863968025838,1.4129475616587694,0.024361164856185683,0.0
23,1.3885863968025838,1.4129475616587694,0.024361164856185683,0.0
24,1.3885863968025838,1.4129475616587694,0.024361164856185683,0.0
25,1.3325363115824203,1.3852216744363717,0.052087052078583496,0.000598310775367997
26,1.3885863968025838,1.4129475616587694,0.024361164856185683,0.0
27,1.3885863968025838,1.4129475616587694,0.024361164856185683,0.0
28,1.3885863968025838,1.4129475616587694,0.024361164856185683,0.0
29,1.3885863968025838,1.4129475616587694,0.024361164856185683,0.0
30,1.3885863968025838,1.4129475616587694,0.024361164856185683,0.0
31,1.3885863968025838,1.4129475616587694,0.024361164856185683,0.0
32,1.3885863968025838,1.4129475616587694,0.024361164856185683,0.0
33,1.3885863968025838,1.4129475616587694,0.024361164856185683,0.0
34,1.3885863968025838,1.4129475616587694,0.024361164856185683,0.0
35,1.3885863968025838,1.4129475616587694,0.024361164856185683,0.0
36,1.3192716787465895,1.371358730825173,0.052087052078583496,0.0
37,1.3885863968025838,1.4129475616587694,0.024361164856185683,0.0
38,1.3885863968025838,1.4129475616587694,0.024361164856185683,0.0
39,1.2925041950453993,1.3852216744363717,0.052087052078583496,0.04063042731238904
40,1.3885863968025838,1.4129475616587694,0.024361164856185683,0.0
41,1.3885863968025838,1.4129475616587694,0.024361164856185683,0.0
42,1.3885863968025838,1.4129475616587694,0.024361164856185683,0.0
43,1.3885863968025838,1.4129475616587694,0.024361164856185683,0.0
44,1.3747234531913848,1.3990846180475704,0.024361164856185683,0.0
45,1.2733998409639304,1.371358730825173,0.052087052078583496,0.045871837782659124
46,1.3885863968025838,1.4129475616587694,0.024361164856185683,0.0
47,1.3747234531913848,1.3990846180475704,0.024361164856185683,0.0
48,1.3885863968025838,1.4129475616587694,0.024361164856185683,0.0
49,1.3885863968025838,1.4129475616587694,0.024361164856185683,0.0
50,1.3885863968025838,1.4129475616587694,0.024361164856185683,0.0
51,1.294910513890404,1.3469975659689875,0.052087052078583496,0.0
52,1.3885863968025838,1.4129475616587694,0.024361164856185683,0.0
53,1.3885863968025838,1.4129475616587694,0.024361164856185683,0.0
54,1.3885863968025838,1.4129475616587694,0.024361164856185683,0.0
55,1.3747234531913848,1.3990846180475704,0.024361164856185683,0.0
56,1.3885863968025838,1.4129475616587694,0.024361164856185683,0.0
57,1.3885863968025838,1.4129475616587694,0.024361164856185683,0.0
58,1.3747234531913848,1.3990846180475704,0.024361164856185683,0.0
59,1.3885863968025838,1.4129475616587694,0.024361164856185683,0.0
60,1.3885863968025838,1.4129475616587694,0.024361164856185683,0.0
61,1.3885863968025838,1.4129475616587694,0.024361164856185683,0.0
62,1.3885863968025838,1.4129475616587694,0.024361164856185683,0.0
63,1.3747234531913848,1.3990846180475704,0.024361164856185683,0.0
64,1.3747234531913848,1.3990846180475704,0.024361164856185683,0.0
65,1.3885863968025838,1.4129475616587694,0.024361164856185683,0.0
66,1.350822904007993,1.3990846180475704,0.024361164856185683,0.023900549183391736
67,1.3885863968025838,1.4129475616587694,0.024361164856185683,0.0
68,1.346997565968987,1.3990846180475704,0.052087052078583496,0.0
69,1.3885863968025838,1.4129475616587694,0.024361164856185683,0.0
70,1.36755318981,1.3990846180475704,0.024361164856185683,0.00717026338138479
71,1.3885863968025838,1.4129475616587694,0.024361164856185683,0.0
72,1.3885863968025838,1.4129475616587694,0.024361164856185683,0.0
73,1.3331346223577882,1.3852216744363717,0.052087052078583496,0.0
74,1.360860509580186,1.3852216744363717,0.024361164856185683,0.0
75,1.3885863968025838,1.4129475616587694,0.024361164856185683,0.0
76,1.3747234531913848,1.3990846180475704,0.024361164856185683,0.0
77,1.3885863968025838,1.4129475616587694,0.024361164856185683,0.0
78,1.3885863968025838,1.4129475616587694,0.024361164856185683,0.0
79,1.3885863968025838,1.4129475616587694,0.024361164856185683,0.0
80,1.3885863968025838,1.4129475616587694,0.024361164856185683,0.0
81,1.3885863968025838,1.4129475616587694,0.024361164856185683,0.0
82,1.3885863968025838,1.4129475616587694,0.024361164856185683,0.0
83,1.3885863968025838,1.4129475616587694,0.024361164856185683,0.0
84,1.3885863968025838,1.4129475616587694,0.024361164856185683,0.0
85,1.3747234531913848,1.3990846180475704,0.024361164856185683,0.0
86,1.3747234531913848,1.3990846180475704,0.024361164856185683,0.0
87,1.310503455906845,1.3852216744363717,0.052087052078583496,0.02263116645094321
88,1.3141819011397016,1.3990846180475704,0.024361164856185683,0.06054155205168322
89,1.3885863968025838,1.4129475616587694,0.024361164856185683,0.0
90,1.3885863968025838,1.4129475616587694,0.024361164856185683,0.0
91,0.8602428635165715,1.357495787213974,0.07981293930098131,0.4174399843964211
92,1.3885863968025838,1.4129475616587694,0.024361164856185683,0.0
93,1.3885863968025838,1.4129475616587694,0.024361164856185683,0.0
94,1.3885863968025838,1.4129475616587694,0.024361164856185683,0.0
95,1.2860528998559937,1.371358730825173,0.052087052078583496,0.033218778890595865
96,1.3088093030540837,1.3990846180475704,0.024361164856185683,0.06591415013730108
97,1.3885863968025838,1.4129475616587694,0.024361164856185683,0.0
98,1.3885863968025838,1.4129475616587694,0.024361164856185683,0.0
99,1.3885863968025838,1.4129475616587694,0.024361164856185683,0.0
100,1.3885863968025838,1.4129475616587694,0.024361164856185683,0.0
101,1.3885863968025838,1.4129475616587694,0.024361164856185683,0.0
102,1.3885863968025838,1.4129475616587694,0.024361164856185683,0.0
103,1.3885863968025838,1.4129475616587694,0.024361164856185683,0.0
104,1.3885863968025838,1.4129475616587694,0.024361164856185683,0.0
105,0.8972432467459681,1.3503622883351998,0.048722329712371365,0.4043967118768604
106,1.3885863968025838,1.4129475616587694,0.024361164856185683,0.0
107,1.3885863968025838,1.4129475616587694,0.024361164856185683,0.0
108,1.3885863968025838,1.4129475616587694,0.024361164856185683,0.0
109,1.3885863968025838,1.4129475616587694,0.024361164856185683,0.0
110,1.3885863968025838,1.4129475616587694,0.024361164856185683,0.0
111,1.3885863968025838,1.4129475616587694,0.024361164856185683,0.0
112,1.3885863968025838,1.4129475616587694,0.024361164856185683,0.0
113,1.3885863968025838,1.4129475616587694,0.024361164856185683,0.0
114,1.3885863968025838,1.4129475616587694,0.024361164856185683,0.0
115,1.3126215457511266,1.3990846180475704,0.024361164856185683,0.062101907440258175
116,1.3747234531913848,1.3990846180475704,0.024361164856185683,0.0
117,1.3885863968025838,1.4129475616587694,0.024361164856185683,0.0
118,1.3885863968025838,1.4129475616587694,0.024361164856185683,0.0
119,1.3885863968025838,1.4129475616587694,0.024361164856185683,0.0
120,1.3054087351353905,1.357495787213974,0.052087052078583496,0.0
121,1.346997565968987,1.3990846180475704,0.052087052078583496,0.0
122,1.3885863968025838,1.4129475616587694,0.024361164856185683,0.0
123,1.3885863968025838,1.4129475616587694,0.024361164856185683,0.0
124,1.3885863968025838,1.4129475616587694,0.024361164856185683,0.0
125,1.3885863968025838,1.4129475616587694,0.024361164856185683,0.0
126,1.3876570662559844,1.4129475616587694,0.024361164856185683,0.000929330546599374
127,1.27480338047711,1.371358730825173,0.07981293930098131,0.01674241104708165
128,1.3885863968025838,1.4129475616587694,0.024361164856185683,0.0
129,1.3885863968025838,1.4129475616587694,0.024361164856185683,0.0
130,1.346997565968987,1.3990846180475704,0.052087052078583496,0.0
131,1.3885863968025838,1.4129475616587694,0.024361164856185683,0.0
132,1.3885863968025838,1.4129475616587694,0.024361164856185683,0.0
133,1.3885863968025838,1.4129475616587694,0.024361164856185683,0.0
134,1.3885863968025838,1.4129475616587694,0.024361164856185683,0.0
135,1.3885863968025838,1.4129475616587694,0.024361164856185683,0.0
136,1.3885863968025838,1.4129475616587694,0.024361164856185683,0.0
137,1.3885863968025838,1.4129475616587694,0.024361164856185683,0.0
138,1.1523148048804273,1.3297698999915764,0.052087052078583496,0.1253680430325656
139,1.3192716787465895,1.371358730825173,0.052087052078583496,0.0
140,1.3747234531913848,1.3990846180475704,0.024361164856185683,0.0
141,1.3885863968025838,1.4129475616587694,0.024361164856185683,0.0
142,1.3885863968025838,1.4129475616587694,0.024361164856185683,0.0
143,1.2705493490342186,1.2949105138904042,0.024361164856185683,0.0
144,1.3331346223577882,1.3852216744363717,0.052087052078583496,0.0
145,1.3747234531913848,1.3990846180475704,0.024361164856185683,0.0
146,1.326027083425088,1.3852216744363717,0.052087052078583496,0.007107538932700178
147,1.3885863968025838,1.4129475616587694,0.024361164856185683,0.0
148,1.3885863968025838,1.4129475616587694,0.024361164856185683,0.0
149,1.3885863968025838,1.4129475616587694,0.024361164856185683,0.0
150,1.3747234531913848,1.3990846180475704,0.024361164856185683,0.0
151,1.3885863968025838,1.4129475616587694,0.024361164856185683,0.0
152,1.3885863968025838,1.4129475616587694,0.024361164856185683,0.0
153,1.2829212683172742,1.3852216744363717,0.052087052078583496,0.050213354040514045
154,1.3885863968025838,1.4129475616587694,0.024361164856185683,0.0
155,1.3885863968025838,1.4129475616587694,0.024361164856185683,0.0
156,1.3192716787465895,1.371358730825173,0.052087052078583496,0.0
157,1.3885863968025838,1.4129475616587694,0.024361164856185683,0.0
158,1.3885863968025838,1.4129475616587694,0.024361164856185683,0.0
159,1.3885863968025838,1.4129475616587694,0.024361164856185683,0.0
160,1.3885863968025838,1.4129475616587694,0.024361164856185683,0.0
161,1.346997565968987,1.3990846180475704,0.052087052078583496,0.0
162,1.3885863968025838,1.4129475616587694,0.024361164856185683,0.0
163,1.346997565968987,1.3990846180475704,0.052087052078583496,0.0
164,1.3885863968025838,1.4129475616587694,0.024361164856185683,0.0
165,1.3885863968025838,1.4129475616587694,0.024361164856185683,0.0
166,1.3885863968025838,1.4129475616587694,0.024361164856185683,0.0
167,1.3885863968025838,1.4129475616587694,0.024361164856185683,0.0
168,1.3195358728147535,1.3852216744363717,0.052087052078583496,0.013598749543034791
169,1.3747234531913848,1.3990846180475704,0.024361164856185683,0.0
170,1.3885863968025838,1.4129475616587694,0.024361164856185683,0.0
171,1.346997565968987,1.3990846180475704,0.052087052078583496,0.0
172,1.3885863968025838,1.4129475616587694,0.024361164856185683,0.0
173,1.3885863968025838,1.4129475616587694,0.024361164856185683,0.0
174,1.3885863968025838,1.4129475616587694,0.024361164856185683,0.0
175,1.3885863968025838,1.4129475616587694,0.024361164856185683,0.0
176,1.3126805877620977,1.3852216744363717,0.052087052078583496,0.02045403459569059
177,1.3747234531913848,1.3990846180475704,0.024361164856185683,0.0
178,1.3885863968025838,1.4129475616587694,0.024361164856185683,0.0
179,1.3885863968025838,1.4129475616587694,0.024361164856185683,0.0
180,1.3885863968025838,1.4129475616587694,0.024361164856185683,0.0
181,1.3885863968025838,1.4129475616587694,0.024361164856185683,0.0
182,1.3747234531913848,1.3990846180475704,0.024361164856185683,0.0
183,1.3747234531913848,1.3990846180475704,0.024361164856185683,0.0
184,1.3885863968025838,1.4129475616587694,0.024361164856185683,0.0
185,1.3885863968025838,1.4129475616587694,0.024361164856185683,0.0
186,1.3885863968025838,1.4129475616587694,0.024361164856185683,0.0
187,1.3747234531913848,1.3990846180475704,0.024361164856185683,0.0
188,1.3885863968025838,1.4129475616587694,0.024361164856185683,0.0
189,1.3885863968025838,1.4129475616587694,0.024361164856185683,0.0
190,1.3885863968025838,1.4129475616587694,0.024361164856185683,0.0
191,1.3885863968025838,1.4129475616587694,0.024361164856185683,0.0
192,1.3885863968025838,1.4129475616587694,0.024361164856185683,0.0
193,1.3747234531913848,1.3990846180475704,0.024361164856185683,0.0
194,1.3885863968025838,1.4129475616587694,0.024361164856185683,0.0
195,1.3747234531913848,1.3990846180475704,0.024361164856185683,0.0
196,1.3747234531913848,1.3990846180475704,0.024361164856185683,0.0
197,1.3885863968025838,1.4129475616587694,0.024361164856185683,0.0
198,1.3747234531913848,1.3990846180475704,0.024361164856185683,0.0
199,1.360860509580186,1.3852216744363717,0.024361164856185683,0.0
200,0.10498221244986775,0.18896798240976195,0.08398576995989421,0.0
201,0.8783421837036496,1.173508743755826,0.18398704345814829,0.11117951659402812
202,1.2083681298569982,1.3159069563803774,0.10753882652337912,0.0
203,0.1503398197960272,0.31454258320325307,0.16420276340722587,0.0
204,0.9417449176323487,1.142418134167216,0.19071648819057255,0.009956728344294763
205,0.5340865982699069,0.6849409949976512,0.07981293930098131,0.07104145742676297
206,1.2083681298569982,1.3159069563803774,0.10753882652337912,0.0
207,1.1945051862457996,1.3020440127691788,0.10753882652337912,0.0
208,0.9067480927768344,1.1251904681898048,0.21844237541297037,0.0
209,0.9404489367258481,1.1945051862457996,0.19071648819057255,0.06333976132937902
210,1.1785998584179178,1.2881810691579798,0.10753882652337912,0.0020423842166827784
211,1.2083681298569982,1.3159069563803774,0.10753882652337912,0.0
212,1.0697386937450095,1.2327292947131843,0.16299060096817475,0.0
213,1.2083681298569982,1.3159069563803774,0.10753882652337912,0.0
214,0.3670336894281866,0.5375618434214864,0.17052815399329976,0.0
215,0.9899257544440281,1.1806422426346006,0.19071648819057255,0.0
216,1.006474870385033,1.2327292947131843,0.19071648819057255,0.03553793613757879
217,0.0,0.0,0.0,0.0
218,0.9865610320778159,1.2050034074907863,0.21844237541297037,0.0
219,1.1806422426346006,1.2881810691579798,0.10753882652337912,0.0
220,0.8889105419973767,1.1529163554122028,0.21844237541297037,0.04556343800185566
221,0.6394134028980687,1.0487422512550355,0.21171293068054614,0.19761591767642073
222,1.0142869193002138,1.2050034074907863,0.19071648819057255,0.0
223,1.0142869193002138,1.2050034074907863,0.19071648819057255,0.0
224,0.9337659497844282,1.1495516330459905,0.19071648819057255,0.025069195070989793
225,1.3192716787465895,1.371358730825173,0.052087052078583496,0.0
226,1.0836016373562083,1.246592238324383,0.16299060096817475,0.0
227,1.0072728512244482,1.2222310734681974,0.19071648819057255,0.024241734053176613
228,0.1889679824097621,0.32544485859459016,0.13647687618482807,0.0
229,1.1945051862457996,1.3020440127691788,0.10753882652337912,0.0
230,0.4118210558819617,0.5732293378153592,0.12220987842727879,0.0391984035061187
231,0.5245070081029879,0.6324498887727174,0.10794288066972951,0.0
232,-0.3709852055923336,0.21332914726594768,0.12220987842727876,0.46210447443100255
233,0.363402381159248,0.499741789100452,0.13270809967226557,0.003631308268938458
234,0.4838121128073918,0.7609851577860702,0.18398704345814829,0.09318600152053014
235,0.20619564838717314,0.34940196930442546,0.14320632091725233,0.0
236,0.3465328201723786,0.5585582859114597,0.15666521038210088,0.055360255356980234
237,0.5532807697096946,0.8403940429407012,0.16339465511452514,0.12371861811648138
238,0.6601757759951152,0.8025739886196668,0.14239821262455157,0.0
239,1.1406038840966504,1.2881810691579798,0.13526471374577695,0.0123124713155525
240,0.5098407079948795,0.9962511450301017,0.21844237541297037,0.2679680616222518
241,1.0974645809674073,1.260455181935582,0.16299060096817475,0.0
242,0.6203450990785612,0.7542557130536458,0.10753882652337912,0.0263717874517055
243,0.08398576995989426,0.22046264614472233,0.13647687618482807,0.0
244,1.0561960779954005,1.260455181935582,0.19071648819057255,0.013542615749609004
245,1.2499569606905951,1.3297698999915764,0.07981293930098131,0.0
246,0.7298945481974605,0.920611036388033,0.19071648819057255,0.0
247,1.1945051862457996,1.3020440127691788,0.10753882652337912,0.0
248,1.180326776897158,1.2881810691579798,0.10753882652337912,0.0003154657374426968
249,1.0463869429423787,1.246592238324383,0.14912765735697586,0.051077638025028335
250,0.13647687618482818,0.25868675461210694,0.12220987842727878,0.0
251,0.9740435462975028,1.2083681298569986,0.19071648819057255,0.043608095368923336
252,1.2499569606905951,1.3297698999915764,0.07981293930098131,0.0
253,0.5031593166045131,0.7916717132283302,0.17725759872572402,0.11125479789809307
254,0.7126668822200494,0.8756574831882241,0.16299060096817475,0.0
255,0.4415297897114418,0.6391793335051419,0.15666521038210088,0.04098433341159919
256,0.7287060031702239,1.058836418353672,0.15962587860196262,0.17050453658148546
257,1.1113275245786063,1.274318125546781,0.16299060096817475,0.0
258,-0.27855282130561426,0.29018141834706734,0.13270809967226554,0.43602613998041606
259,1.125190468189805,1.260455181935582,0.13526471374577695,0.0
260,1.0183945571942432,1.246592238324383,0.16299060096817475,0.06520708016196512
261,0.23432558975592122,0.37753191067317354,0.14320632091725233,0.0
262,0.35021007759712586,0.5001458432468024,0.1499357656496766,0.0
263,1.2360940170793961,1.3436328436027754,0.10753882652337912,0.0
264,0.9567818829895802,1.2050034074907863,0.21844237541297037,0.02977914908823565
265,0.2540508799499055,0.49260829022167746,0.19192865062962372,0.04662875964214824
266,1.2083681298569982,1.3159069563803774,0.10753882652337912,0.0
267,0.616519977456831,0.712666882220049,0.09367588291218022,0.002471021851037845
268,0.4514235135344309,0.5526369494717361,0.10121343593730524,0.0
269,1.2638199043017941,1.3436328436027754,0.07981293930098131,0.0
270,1.021016364032638,1.142418134167216,0.12140177013457804,0.0
271,1.2222310734681971,1.3297698999915764,0.10753882652337912,0.0
272,0.3287392192414823,0.5522328953253858,0.12220987842727879,0.10128379765662468
273,0.2763184747358682,0.4195247956531205,0.14320632091725233,0.0
274,1.050745640058223,1.2638199043017944,0.16299060096817475,0.050083663275396664
275,0.8664304351204823,1.1251904681898048,0.21844237541297037,0.04031765765635212
276,0.8621183588649541,1.1390534118010038,0.273894149857766,0.0030409030782835894
277,0.0839857699598942,0.17846976116477517,0.09448399120488098,0.0
278,0.4442900146556563,0.5455034505929616,0.10121343593730524,0.0
279,0.9838259332181105,1.2083681298569986,0.19071648819057255,0.03382570844831555
280,1.0018334873669223,1.2188663511019853,0.19071648819057255,0.026316375544490317
281,0.1259786549398414,0.2691849758570937,0.14320632091725233,0.0
282,1.0102197660416905,1.2083681298569986,0.16299060096817475,0.0351577628471333
283,1.2360940170793961,1.3159069563803774,0.07981293930098131,0.0
284,1.2638199043017941,1.3436328436027754,0.07981293930098131,0.0
285,1.125190468189805,1.260455181935582,0.13526471374577695,0.0
286,0.8235704311096411,1.0697386937450093,0.24616826263536817,0.0
287,1.0004239756890148,1.1911404638795873,0.19071648819057255,0.0
288,0.42452662118137685,0.5350052293479748,0.10121343593730524,0.009265172229292674
289,1.2083681298569982,1.3159069563803774,0.10753882652337912,0.0
290,-1.067664218798983,0.0,0.0,1.067664218798983
291,0.351859813306674,0.48291817726939146,0.09448399120488098,0.0365743727578365
292,0.40114236522486163,0.5833235049139958,0.16379870926087547,0.018382430428258677
293,0.972698088466617,1.1634145766571895,0.19071648819057255,0.0
294,1.1945051862457996,1.3020440127691788,0.10753882652337912,0.0
295,1.1806422426346006,1.2881810691579798,0.10753882652337912,0.0
296,1.0420128065226115,1.2050034074907863,0.16299060096817475,0.0
297,0.07348754871490747,0.19569742714218624,0.12220987842727878,0.0
298,0.5278717304691998,0.6496775547501282,0.12180582428092843,0.0
299,1.045068360033445,1.274318125546781,0.16299060096817475,0.06625916454516137
300,0.9344739799992323,1.1251904681898048,0.19071648819057255,0.0
301,-0.4225854132668445,0.30067963959205407,0.12934337730605341,0.5939216755528451
302,1.139053411801004,1.274318125546781,0.13526471374577695,0.0
303,0.7819816002760439,1.0004239756890143,0.21844237541297037,0.0
304,0.7298945481974604,0.8928851491656351,0.16299060096817475,0.0
305,0.3824153859813437,0.79167171322833,0.23270937317051968,0.1765469540764666
306,0.8803655160463602,1.1634145766571895,0.24616826263536817,0.03688079797546121
307,1.0697386937450095,1.2327292947131843,0.16299060096817475,0.0
308,1.0420128065226117,1.2327292947131843,0.19071648819057255,0.0
309,0.986561032077816,1.1772775202683885,0.19071648819057255,0.0
310,0.04199288497994709,0.10498221244986775,0.06298932746992066,0.0
311,1.1529163554122028,1.2881810691579798,0.13526471374577695,0.0
312,1.0453775288888238,1.2083681298569986,0.16299060096817475,0.0
313,0.892717786999913,1.111327524578606,0.16299060096817475,0.05561913661051837
314,1.1156131578542223,1.274318125546781,0.13526471374577695,0.02344025394678164
315,0.4610556204576768,0.5870922814265583,0.09744465942474273,0.028592001544138802
316,0.11834880831634315,0.43002301689810735,0.1776616528720744,0.13401255570968978
317,1.1945051862457996,1.3020440127691788,0.10753882652337912,0.0
318,0.8928851491656357,1.1390534118010038,0.24616826263536817,0.0
319,1.2083681298569982,1.3159069563803774,0.10753882652337912,0.0
320,1.2638199043017941,1.3436328436027754,0.07981293930098131,0.0
321,-1.811488150400261,0.0,0.0,1.811488150400261
322,1.2499569606905951,1.3297698999915764,0.07981293930098131,0.0
323,1.2222310734681971,1.3297698999915764,0.10753882652337912,0.0
324,1.2083681298569982,1.3159069563803774,0.10753882652337912,0.0
325,1.2638199043017941,1.3436328436027754,0.07981293930098131,0.0
326,0.9124562829953802,1.1390534118010038,0.21844237541297037,0.00815475339265326
327,0.9853705878012495,1.246592238324383,0.16299060096817475,0.09823104955495877
328,1.2499569606905951,1.3297698999915764,0.07981293930098131,0.0
329,0.4346243866078528,0.5526369494717361,0.10121343593730524,0.016799126926578103
330,-0.0074623196290555804,0.20619564838717303,0.12220987842727876,0.09144808958894984
331,0.23778288222320632,0.3359430798395769,0.09448399120488098,0.0036762064114895738
332,0.8154518807313653,1.142418134167216,0.21844237541297037,0.10852387802288019
333,0.6930994990564732,1.2327292947131843,0.19071648819057255,0.3489133074661386
334,1.2083681298569982,1.3159069563803774,0.10753882652337912,0.0
335,1.2638199043017941,1.3436328436027754,0.07981293930098131,0.0
336,-0.032858197661026885,0.0,0.0,0.032858197661026885
337,0.13647687618482818,0.2519573098796827,0.11548043369485451,0.0
338,0.6463128323839166,0.8857516502868605,0.23943881790294394,0.0
339,0.9621998672216301,1.1251904681898048,0.16299060096817475,0.0
340,1.3192716787465895,1.371358730825173,0.052087052078583496,0.0
341,1.1945051862457996,1.3020440127691788,0.10753882652337912,0.0
342,1.1113275245786063,1.274318125546781,0.16299060096817475,0.0
343,1.1945051862457996,1.3020440127691788,0.10753882652337912,0.0
344,0.9224307145030695,1.170144021389614,0.21844237541297037,0.02927093147357405
345,0.9485228200547997,1.2083681298569986,0.21844237541297037,0.0414029343892285
346,0.3613864580880705,0.524507008102988,0.10121343593730524,0.06190711407761224
347,0.9067480927768343,1.069738693745009,0.16299060096817475,0.0
348,0.7126668822200494,0.8756574831882241,0.16299060096817475,0.0
349,-2.3644184522062037,0.0,0.0,2.3644184522062037
350,0.10161749008365567,0.2553220322458948,0.1537045421622391,0.0
351,1.1529163554122028,1.2881810691579798,0.13526471374577695,0.0
352,0.2905854724934175,0.4337917934106698,0.14320632091725233,0.0
353,1.125190468189805,1.260455181935582,0.13526471374577695,0.0
354,0.6607652496895247,0.7819816002760437,0.10753882652337912,0.013677524063139934
355,0.6849409949976515,0.875657483188224,0.19071648819057255,0.0
356,1.139053411801004,1.274318125546781,0.13526471374577695,0.0
357,0.5785135291173279,0.7924798215210305,0.13526471374577695,0.07870157865792564
358,1.1190970917157144,1.3020440127691788,0.10753882652337912,0.07540809453008525
359,1.2776828479129927,1.357495787213974,0.07981293930098131,0.0
360,1.2638199043017941,1.3436328436027754,0.07981293930098131,0.0
361,1.0701265082235092,1.246592238324383,0.16299060096817475,0.013475129132699194
362,0.8433803993980443,1.1634145766571895,0.19071648819057255,0.12931768906857266
363,0.09448399120488095,0.1679715399197884,0.07348754871490744,0.0
364,0.7126668822200493,0.8479315959658262,0.13526471374577695,0.0
365,-0.07278533175058788,0.020996442489973552,0.020996442489973552,0.07278533175058788
366,0.9534659028753163,1.1945051862457996,0.21844237541297037,0.022596907957512884
367,0.03883019770904772,0.5173735092242135,0.15706926452845124,0.32147404698671456
368,0.052491106224933845,0.12597865493984128,0.07348754871490744,0.0
369,0.41992884979947065,0.5488681729591737,0.12893932315970305,0.0
370,1.2222310734681971,1.3297698999915764,0.10753882652337912,0.0
371,1.1945051862457996,1.3020440127691788,0.10753882652337912,0.0
372,0.949929601446417,1.2083681298569986,0.16299060096817475,0.09544792744240682
373,0.2880570795532356,0.530832398689062,0.16379870926087547,0.07897660987495088
374,0.506605107149018,0.6185869451615186,0.10794288066972951,0.004038957342771152
375,0.7395327244571649,0.9865610320778154,0.21844237541297037,0.028585932207680104
376,0.12477997605556915,0.4401171839967437,0.17806570701842478,0.13727150092274978
377,0.7403927694424471,0.8756574831882241,0.13526471374577695,0.0
378,1.2222310734681971,1.3297698999915764,0.10753882652337912,0.0
379,0.27236773729300134,0.457748904120505,0.14320632091725233,0.04217484591025136
380,0.6294892205528557,0.7924798215210305,0.16299060096817475,0.0
381,0.7355230261406308,0.9273404811204573,0.18398704345814829,0.007830411521678187
382,1.2083681298569982,1.3159069563803774,0.10753882652337912,0.0
383,0.9857196772642942,1.1945051862457996,0.19071648819057255,0.01806902079093283
384,0.3047261522988355,0.4682471253654918,0.14320632091725233,0.020314652149404006
385,0.939395441414808,1.2327292947131843,0.19071648819057255,0.10261736510780371
386,1.0869663597224206,1.2499569606905954,0.16299060096817475,0.0
387,0.20129459752603018,0.6068765614774808,0.15666521038210085,0.24891675356934978
388,1.1667792990234018,1.274318125546781,0.10753882652337912,0.0
389,1.1529163554122028,1.2881810691579798,0.13526471374577695,0.0
390,-0.11386166669332298,0.314542583203253,0.14320632091725233,0.28519792897932367
391,1.0974645809674073,1.260455181935582,0.16299060096817475,0.0
392,1.0864417213423847,1.260455181935582,0.16299060096817475,0.011022859625022497
393,0.10498221244986779,0.20619564838717303,0.10121343593730524,0.0
394,0.06298932746992061,0.14697509742981482,0.08398576995989421,0.0
395,0.25154373907950117,0.5274676763228497,0.1499357656496766,0.12598817159367198
396,0.7126668822200494,0.8756574831882241,0.16299060096817475,0.0
397,-0.08070283439647752,0.9370305940727437,0.2327093731705197,0.7850240552987016
398,0.7714833790310573,0.9899257544440278,0.21844237541297037,0.0
399,0.11211571132864248,0.3179073055694651,0.20579159424082263,0.0
400,1.0937642486187857,1.3990846180475704,0.052087052078583496,0.2532333173502014
401,1.2940400533856022,1.3990846180475704,0.052087052078583496,0.05295751258338477
402,0.7999575921139073,1.2877770150116294,0.07308349456855705,0.41473592832916517
403,0.847747721746877,1.1634145766571895,0.19071648819057255,0.12495036671973997
404,0.9812853690907186,1.1978699086120117,0.10080938179095486,0.11577515773033835
405,1.0471510694296318,1.3436328436027751,0.10753882652337912,0.18894294764976408
406,1.3885863968025838,1.4129475616587694,0.024361164856185683,0.0
407,1.2776828479129927,1.357495787213974,0.07981293930098131,0.0
408,0.6374875421474082,1.2566864054230193,0.11467232540215377,0.5045265378734574
409,1.2566864054230193,1.3364993447240006,0.07981293930098131,0.0
410,1.1819638025161163,1.2671846266680062,0.07308349456855705,0.012137329583332832
411,0.8392292644720335,1.170144021389614,0.10753882652337912,0.22337593039420123
412,1.0713357171162492,1.2881810691579798,0.10753882652337912,0.10930652551835149
413,1.3885863968025838,1.4129475616587694,0.024361164856185683,0.0
414,1.3885863968025838,1.4129475616587694,0.024361164856185683,0.0
415,1.1806422426346006,1.2881810691579798,0.10753882652337912,0.0
416,1.3192716787465895,1.371358730825173,0.052087052078583496,0.0
417,-1.0591412667043214,1.0441653664497725,0.052087052078583496,2.0512195810755105
418,1.162581177961034,1.3297698999915766,0.07981293930098131,0.08737578272956142
419,1.0796083533355847,1.2394587394456087,0.10753882652337912,0.05231155958664488
420,1.1041940256998315,1.2117328522232107,0.10753882652337912,0.0
421,1.3885863968025838,1.4129475616587694,0.024361164856185683,0.0
422,1.005595263876037,1.3436328436027751,0.07981293930098131,0.2582246404257568
423,1.2499569606905951,1.3020440127691786,0.052087052078583496,0.0
424,-0.007708417492203079,0.9928864226638894,0.21925048370567116,0.7813443564504213
425,0.664636177844872,1.152108247119502,0.024361164856185683,0.4631109044184445
426,1.3885863968025838,1.4129475616587694,0.024361164856185683,0.0
427,0.9514843760774281,1.3260011234790139,0.048722329712371365,0.3257944176892144
428,1.0357526140766131,1.3192716787465895,0.07308349456855705,0.21043557010141928
429,1.3698422472437637,1.3990846180475704,0.024361164856185683,0.004881205947621073
430,1.346997565968987,1.3990846180475704,0.052087052078583496,0.0
431,1.305408735135391,1.3574957872139743,0.052087052078583496,0.0
432,0.7975348917814223,1.2844122926454173,0.07308349456855705,0.413793906295438
433,1.3747234531913848,1.3990846180475704,0.024361164856185683,0.0
434,1.1873716873670248,1.294910513890404,0.10753882652337912,0.0
435,1.2776828479129927,1.357495787213974,0.07981293930098131,0.0
436,1.3885863968025838,1.4129475616587694,0.024361164856185683,0.0
437,0.9651653283823611,1.1319199129222293,0.07308349456855705,0.09367108997131109
438,1.1605067884641111,1.3297698999915764,0.10753882652337912,0.061724285004086006
439,0.32887116001592537,0.7593689412006692,0.09407993705853061,0.3364178441262133
440,0.7948777601223128,1.3087734575016028,0.10080938179095486,0.4130863155883352
441,1.0005872175892703,1.2495529065442448,0.05922055095735814,0.18974513799761636
442,1.1806422426346008,1.260455181935582,0.07981293930098131,0.0
443,0.8154755705777347,1.1978699086120117,0.12853526901335266,0.25385906902092426
444,0.8463291810198318,1.1869676332206747,0.09407993705853061,0.24655851514231233
445,1.3885863968025838,1.4129475616587694,0.024361164856185683,0.0
446,1.170144021389614,1.2776828479129931,0.10753882652337912,0.0
447,1.3192716787465895,1.371358730825173,0.052087052078583496,0.0
448,1.3885863968025838,1.4129475616587694,0.024361164856185683,0.0
449,1.3087734575016026,1.360860509580186,0.052087052078583496,0.0
450,1.168574548883332,1.3020440127691788,0.10753882652337912,0.02593063736246777
451,1.2776828479129927,1.357495787213974,0.07981293930098131,0.0
452,1.3054087351353905,1.357495787213974,0.052087052078583496,0.0
453,0.7743245023361665,1.194101132099449,0.10080938179095486,0.3189672479723278
454,0.32897103707601916,1.107154693919693,0.1285352690133527,0.6496483878303212
455,1.291545791524192,1.3436328436027754,0.052087052078583496,0.0
456,0.8593381157970785,1.1037899715534811,0.07308349456855705,0.17136836118784557
457,1.2545119068725925,1.3574957872139746,0.052087052078583496,0.05089682826279862
458,1.360860509580186,1.3852216744363717,0.024361164856185683,0.0
459,1.360860509580186,1.3852216744363717,0.024361164856185683,0.0
460,1.1942613081292892,1.3990846180475704,0.052087052078583496,0.15273625783969771
461,1.3747234531913848,1.3990846180475704,0.024361164856185683,0.0
462,1.0616642133063374,1.3331346223577885,0.07308349456855705,0.19838691448289406
463,1.2339119099044953,1.3852216744363717,0.052087052078583496,0.09922271245329299
464,1.263819904301794,1.3436328436027751,0.07981293930098131,0.0
465,0.6726493736836059,1.2533216830568075,0.10080938179095486,0.4798629275822468
466,1.3192716787465895,1.371358730825173,0.052087052078583496,0.0
467,1.3747234531913848,1.3990846180475704,0.024361164856185683,0.0
468,1.2786688686658563,1.3990846180475704,0.052087052078583496,0.0683286973031307
469,1.3885863968025838,1.4129475616587694,0.024361164856185683,0.0
470,1.2705493490342183,1.3226364011128018,0.052087052078583496,0.0
471,1.0502417451382333,1.2566864054230196,0.07308349456855705,0.1333611657162293
472,1.2499569606905951,1.3297698999915764,0.07981293930098131,0.0
473,1.3885863968025838,1.4129475616587694,0.024361164856185683,0.0
474,0.9321174440093758,1.2428234618118206,0.12853526901335266,0.1821707487890922
475,0.46223154517146803,1.0966564726747066,0.14280226677090196,0.4916226607323366
476,0.5166853747807482,0.985752923785115,0.17725759872572402,0.29180995027864287
477,0.7487578087495737,1.1281511364096668,0.12853526901335266,0.25085805864674043
478,0.8267507107430503,1.1491475788996404,0.10080938179095486,0.2215874863656353
479,1.3885863968025838,1.4129475616587694,0.024361164856185683,0.0
480,1.3885863968025838,1.4129475616587694,0.024361164856185683,0.0
481,1.3885863968025838,1.4129475616587694,0.024361164856185683,0.0
482,1.3885863968025838,1.4129475616587694,0.024361164856185683,0.0
483,0.47343709659958144,1.1907364097332371,0.1285352690133527,0.5887640441203029
484,1.0359248957262173,1.2772787937666428,0.07308349456855705,0.16827040347186847
485,1.3885863968025838,1.4129475616587694,0.024361164856185683,0.0
486,1.0780388974530946,1.3087734575016035,0.05922055095735814,0.17151400909115058
487,0.11513903997868347,0.9996158673963138,0.2327093731705197,0.6517674542471107
488,0.9815921928590619,1.371358730825173,0.10753882652337912,0.28222771144273184
489,1.3331346223577882,1.3852216744363717,0.052087052078583496,0.0
490,0.02176328593359156,1.0269377004723614,0.1218058242809284,0.8833685902578415
491,1.3885863968025838,1.4129475616587694,0.024361164856185683,0.0
492,1.2315229908802559,1.3297698999915761,0.07981293930098131,0.01843396981033911
493,1.3054087351353905,1.357495787213974,0.052087052078583496,0.0
494,1.1148378412571927,1.3020440127691788,0.10753882652337912,0.07966734498860689
495,1.3885863968025838,1.4129475616587694,0.024361164856185683,0.0
496,1.2705493490342183,1.3226364011128018,0.052087052078583496,0.0
497,0.5769623163459716,1.0869663597224204,0.1562611562357505,0.3537428871406982
498,1.1390534118010038,1.2743181255467808,0.13526471374577695,0.0
499,1.1840069650008127,1.291545791524192,0.10753882652337912,0.0
500,1.2222310734681971,1.3297698999915764,0.10753882652337912,0.0
501,0.9396426709954795,1.3469975659689875,0.07308349456855705,0.3342714004049509
502,1.0953861919725494,1.1873716873670248,0.048722329712371365,0.043263165682104185
503,1.0880047422151313,1.3159069563803774,0.10753882652337912,0.12036338764186694
504,1.346997565968987,1.3990846180475704,0.052087052078583496,0.0
505,1.2915457915241917,1.371358730825173,0.07981293930098131,0.0
506,1.1115979900290924,1.3297698999915764,0.10753882652337912,0.1106330834391048
507,1.346997565968987,1.3990846180475704,0.052087052078583496,0.0
508,1.119706821145331,1.2533216830568075,0.07308349456855705,0.06053136734291962
509,0.7695818479605965,1.260455181935582,0.13526471374577695,0.3556086202292086
510,0.7368287475503209,1.1004252491872688,0.1285352690133527,0.23506123262359527
511,1.3331346223577882,1.3852216744363717,0.052087052078583496,0.0
512,1.2255957958344097,1.305408735135391,0.07981293930098131,0.0
513,1.3885863968025838,1.4129475616587694,0.024361164856185683,0.0
514,1.3885863968025838,1.4129475616587694,0.024361164856185683,0.0
515,1.3885863968025838,1.4129475616587694,0.024361164856185683,0.0
516,0.998199112754593,1.2428234618118206,0.08694643817975596,0.15767791087747157
517,1.2107607925525583,1.3020440127691786,0.07981293930098131,0.011470280915639008
518,1.263819904301794,1.3159069563803774,0.052087052078583496,0.0
519,0.6856068751786213,1.145378802387078,0.09407993705853061,0.365691990149926
520,1.3747234531913848,1.3990846180475704,0.024361164856185683,0.0
521,1.3192716787465895,1.371358730825173,0.052087052078583496,0.0
522,1.3885863968025838,1.4129475616587694,0.024361164856185683,0.0
523,-0.3172520188779785,1.0794288066972952,0.12893932315970302,1.2677415024155707
524,1.3885863968025838,1.4129475616587694,0.024361164856185683,0.0
525,1.0240860264736118,1.232729294713184,0.12140177013457804,0.08724149810499437
526,1.3747234531913848,1.3990846180475704,0.024361164856185683,0.0
527,0.9619135103832281,1.2050034074907865,0.10753882652337912,0.13555107058417915
528,1.3885863968025838,1.4129475616587694,0.024361164856185683,0.0
529,0.7894799326978823,1.2671846266680062,0.1562611562357505,0.32144353773437345
530,1.1109234704322557,1.2117328522232105,0.10080938179095486,0.0
531,1.0176460229656246,1.159241745998277,0.052087052078583496,0.089508670954069
532,0.9236364327739437,1.3087734575016028,0.10080938179095486,0.2843276429367043
533,1.3885863968025838,1.4129475616587694,0.024361164856185683,0.0
534,1.1391149564420961,1.2743181255467808,0.10753882652337912,0.027664342581305408
535,1.3747234531913848,1.3990846180475704,0.024361164856185683,0.0
536,1.2915457915241917,1.371358730825173,0.07981293930098131,0.0
537,1.2836472080109114,1.357495787213974,0.052087052078583496,0.021761527124479204
538,0.6293416995230088,1.1697399672432636,0.12853526901335266,0.411862998706902
539,0.7125867083544792,1.1243823598971043,0.07308349456855705,0.33871215697406803
540,1.3885863968025838,1.4129475616587694,0.024361164856185683,0.0
541,1.1837742351743872,1.2671846266680062,0.07308349456855705,0.010326896925062095
542,1.3241796452220749,1.3990846180475704,0.052087052078583496,0.02281792074691209
543,1.3054087351353905,1.357495787213974,0.052087052078583496,0.0
544,0.04637845809548413,0.9546623141965047,0.20538754009447224,0.7028963160065483
545,1.3885863968025838,1.4129475616587694,0.024361164856185683,0.0
546,1.3054087351353905,1.3852216744363717,0.07981293930098131,0.0
547,0.8458308642800608,1.1491475788996401,0.1285352690133527,0.17478144560622655
548,0.9332421063533844,1.357495787213974,0.07981293930098131,0.34444074155960824
549,-1.0208639342083896,1.065161808939746,0.07644821693476918,2.0095775262133664
550,0.372292481454993,0.8538529324055502,0.177257598725724,0.30430285222483316
551,1.1390534118010043,1.2188663511019855,0.07981293930098131,0.0
552,1.360860509580186,1.3852216744363717,0.024361164856185683,0.0
553,-4.705713537962066,0.863138991211486,0.048722329712371365,5.520130199461181
554,1.068268739554199,1.2465922383243828,0.07981293930098131,0.09851055946920254
555,0.4323588754547496,0.9714859260275658,0.17725759872572402,0.3618694518470922
556,1.3747234531913848,1.3990846180475704,0.024361164856185683,0.0
557,1.3885863968025838,1.4129475616587694,0.024361164856185683,0.0
558,1.159645800144627,1.2671846266680062,0.10753882652337912,0.0
559,1.0672493645880068,1.2222310734681974,0.12853526901335266,0.02644643986683814
560,1.215581872878179,1.3297698999915761,0.07981293930098131,0.03437508781241573
561,1.3331346223577882,1.3852216744363717,0.052087052078583496,0.0
562,1.1873716873670248,1.294910513890404,0.10753882652337912,0.0
563,0.49294266599582226,1.2079640757106482,0.12853526901335266,0.5864861407014734
564,1.281047570279205,1.3331346223577885,0.052087052078583496,0.0
565,1.2844122926454171,1.3087734575016028,0.024361164856185683,0.0
566,1.1667792990234016,1.2743181255467808,0.10753882652337912,0.0
567,1.3192716787465895,1.371358730825173,0.052087052078583496,0.0
568,1.1190762113403339,1.2915457915241921,0.09367588291218022,0.07879369727167802
569,0.7097205505961635,0.9059399844841333,0.1218058242809284,0.07441360960704141
570,1.291545791524192,1.3436328436027754,0.052087052078583496,0.0
571,1.2530999441914263,1.4129475616587694,0.024361164856185683,0.13548645261115747
572,1.2394587394456082,1.3192716787465895,0.07981293930098131,0.0
573,0.8190263735972867,1.2533216830568075,0.10080938179095486,0.33348592766856605
574,1.3885863968025838,1.4129475616587694,0.024361164856185683,0.0
575,0.8499505846651871,1.1491475788996401,0.1285352690133527,0.17066172522110024
576,-0.05582523231690023,0.5438872340075607,0.1915245964832733,0.4081878698411876
577,1.1848161158289818,1.3852216744363717,0.07981293930098131,0.12059261930640855
578,1.3885863968025838,1.4129475616587694,0.024361164856185683,0.0
579,1.2915457915241917,1.371358730825173,0.07981293930098131,0.0
580,1.1945051862457996,1.3020440127691788,0.10753882652337912,0.0
581,0.8842737646307983,1.294910513890404,0.12853526901335266,0.2821014802462531
582,1.3885863968025838,1.4129475616587694,0.024361164856185683,0.0
583,0.47018340871926556,0.6375631169197407,0.11507637954850417,0.052303328651970966
584,0.15864418619799947,1.2323252405668337,0.14953171150332623,0.9241493428655079
585,1.1386493576546535,1.2117328522232105,0.07308349456855705,0.0
586,1.304862245338966,1.3990846180475704,0.052087052078583496,0.042135320630021074
587,0.778318669248715,1.1210176375308922,0.09407993705853061,0.24861903122364665
588,1.0859984719735511,1.357495787213974,0.07981293930098131,0.1916843759394415
589,0.5625507723875127,1.2671846266680065,0.14953171150332623,0.5551021427771674
590,0.9498385174777544,1.170144021389614,0.12853526901335266,0.09177023489850698
591,1.1663752448770512,1.294910513890404,0.1285352690133527,0.0
592,1.1945051862457996,1.3020440127691788,0.10753882652337912,0.0
593,1.181178729322721,1.3436328436027754,0.07981293930098131,0.08264117497907311
594,1.2915457915241917,1.3436328436027751,0.052087052078583496,0.0
595,0.8765208501785988,1.0550676418411096,0.11507637954850415,0.06347041211400656
596,1.2889139158390346,1.371358730825173,0.052087052078583496,0.030357762907554927
597,1.1697399672432638,1.2705493490342186,0.10080938179095486,0.0
598,1.1172488610183298,1.1903323555868868,0.07308349456855705,0.0
599,1.111327524578606,1.246592238324383,0.13526471374577695,0.0
600,-0.11314327130932222,0.6484653923110778,0.15666521038210088,0.6049434532382991
601,0.5299237752002842,1.1663752448770515,0.12853526901335266,0.5079162006634145
602,0.7546693668430058,1.1907364097332371,0.17725759872572402,0.2588094441645072
603,0.932870468238442,1.2743181255467808,0.10753882652337912,0.23390883078495964
604,0.9982561007428705,1.2327292947131838,0.13526471374577695,0.09920848022453638
605,1.1390534118010038,1.232729294713184,0.09367588291218022,0.0
606,0.5261803505196541,1.1911404638795875,0.19071648819057255,0.4742436251693609
607,0.5255773298393793,1.1663752448770515,0.12853526901335266,0.5122626460243194
608,1.0903310820886325,1.1978699086120117,0.10753882652337912,0.0
609,0.7912676590819799,0.9265323728277569,0.13526471374577695,0.0
610,0.9101128151430469,1.1008293033336194,0.19071648819057255,0.0
611,0.6152667922435033,0.9613917589289294,0.10794288066972951,0.23818208601569643
612,0.32658948324244486,1.0101140886413007,0.17389287635951192,0.509631729039344
613,0.1414025360333882,0.8088993792057407,0.19825404121569762,0.46924280195665496
614,0.9083267668713545,1.1356886894347917,0.16299060096817475,0.06437132159526245
615,0.5737065633414324,0.892885149165635,0.1701240998469494,0.14905448597725315
616,0.523640002511927,1.1218257458235927,0.19071648819057255,0.4074692551210932
617,0.24838936056368993,0.8891163726530726,0.16339465511452514,0.4773323569748576
618,0.9982308232569255,1.3226364011128018,0.048722329712371365,0.2756832481435049
619,0.2699930841497943,0.4821100689766908,0.21211698482689648,0.0
620,1.2222310734681976,1.274318125546781,0.052087052078583496,0.0
621,-0.8829753122035398,0.3876260777718099,0.12220987842727878,1.148391511548071
622,1.2141122917323601,1.371358730825173,0.07981293930098131,0.07743349979183155
623,1.062605194866235,1.197869908612012,0.13526471374577695,0.0
624,0.6359617748050783,1.0344752534974864,0.10080938179095486,0.2977040969014531
625,0.4056618520419214,0.5346011752016244,0.12893932315970305,0.0
626,0.5655899428255748,1.1251904681898048,0.21171293068054614,0.34788759468368396
627,1.1276544544279965,1.2776828479129931,0.07308349456855705,0.0769448989164396
628,1.083601637356208,1.218866351101985,0.13526471374577695,0.0
629,-1.7428606306251433,0.10121343593730524,0.045357607346159234,1.7987164592162892
630,1.0101140886413007,1.1386493576546535,0.12853526901335266,0.0
631,0.9880138043056131,1.357495787213974,0.10753882652337912,0.26194315638498156
632,0.5890735364074818,0.7193963269524732,0.11467232540215377,0.01565046514283759
633,0.7675110206142635,1.042012806522611,0.21844237541297037,0.05605941049537722
634,1.197869908612012,1.2776828479129931,0.07981293930098131,0.0
635,1.0885518325156127,1.2533216830568075,0.07308349456855705,0.09168635597263781
636,0.10002574774372144,0.3389037480594386,0.10121343593730524,0.13766456437841193
637,0.22307914426710157,0.7811734919833431,0.18398704345814829,0.3741073042580932
638,0.9921131803699086,1.2634158501554438,0.10080938179095486,0.1704932879945804
639,0.9370305940727438,1.08656230557607,0.14953171150332623,0.0
640,-1.1749359385251243,0.8564095464790615,0.1356687678921273,1.8956767171120585
641,0.926532372827757,1.0206123098862876,0.09407993705853061,0.0
642,0.7073787469027291,1.1562810777784147,0.19071648819057255,0.25818584268511313
643,0.07568033342893704,0.7387765528570456,0.20161876358190972,0.46147745584619876
644,-1.8144971474737324,0.32463675030188943,0.2263839825844458,1.912749915191176
645,0.23202015899953476,0.6837288325586006,0.11467232540215377,0.3370363481569121
646,0.3387756496297567,0.9542582600501546,0.16339465511452514,0.45208795530587276
647,0.7880446768106999,1.2323252405668337,0.10080938179095486,0.34347118196517906
648,0.1906961170472603,0.5199301232977249,0.17093220813965015,0.15830179811081446
649,0.5678517618624719,0.892885149165635,0.1701240998469494,0.1549092874562137
650,1.0962524185283562,1.162606468364489,0.06635404983613279,0.0
651,0.5524345954066635,0.8853475961405104,0.16379870926087547,0.16911429147297138
652,0.26675537219175216,1.0243810863988498,0.191120542336923,0.5665051718701747
653,-0.4731530976153723,1.0374359217173483,0.10753882652337912,1.4030501928093415
654,1.1562810777784152,1.2360940170793964,0.07981293930098131,0.0
655,0.42284847904030143,1.0798328608436454,0.1562611562357505,0.5007232255675934
656,-0.26323787439168467,0.5300242903963615,0.21588576133945903,0.5773764034485871
657,0.28950417631702097,0.9681212036613538,0.14280226677090196,0.5358147605734309
658,0.7862267511952034,1.0273417546187116,0.0802169934473317,0.1608980099761765
659,1.1782788167158944,1.3469975659689875,0.07981293930098131,0.08890580995211193
660,1.254729033261205,1.357495787213974,0.07981293930098131,0.02295381465178758
661,0.32880958096080215,0.4577489041205052,0.12893932315970305,0.0
662,0.04912556893644093,0.8958458173854973,0.18062232109193618,0.6660979273571201
663,0.2885364073589646,0.9681212036613538,0.14280226677090196,0.5367825295314873
664,1.0526347733714274,1.2465922383243833,0.13526471374577695,0.0586927512071788
665,-0.27085202254790447,0.4955689584415394,0.2335174814632205,0.5329034995262234
666,0.6901655779798492,1.0622011407198844,0.07308349456855705,0.29895206817147807
667,-0.39015996101228734,0.7530435506145949,0.2188464295593208,0.9243570820675615
668,0.9470082856602893,1.2255957958344097,0.12853526901335266,0.1500522411607676
669,0.38439317287323704,1.176873466122038,0.20498348594812185,0.587496807300679
670,-1.5173889504906002,0.2616474228319687,0.17052815399329976,1.608508219329269
671,1.2603439785148558,1.3436328436027756,0.07981293930098131,0.0034759257869385056
672,0.5803890659756519,1.0210163640326377,0.21171293068054614,0.22891436737643983
673,-2.0872647362608547,0.46367024056022854,0.15666521038210085,2.3942697664389825
674,0.08901648531125794,0.8887123185067225,0.21211698482689656,0.587578848368568
675,0.8365636944769527,1.177277520268388,0.14912765735697586,0.19158616843445944
676,1.1145968091739409,1.3020440127691786,0.10753882652337912,0.07990837707185848
677,-0.8538293647238491,0.7282783316120591,0.20161876358190972,1.3804889327539984
678,0.715223496293561,0.892481095019285,0.17725759872572402,0.0
679,0.3250408044482396,0.47497657009791616,0.1499357656496766,0.0
680,1.2853813829708838,1.3574957872139748,0.03822410846738458,0.0338902957757064
681,0.542107348202444,0.7021686609750623,0.11467232540215376,0.04538898737046449
682,0.8605823771379747,0.9681212036613538,0.10753882652337912,0.0
683,-0.0941771303719654,0.6136060062099056,0.17052815399329976,0.5372549825885712
684,1.0834757904298689,1.1634145766571893,0.0659499956897824,0.013988790537538057
685,0.9617958130752794,1.0626051948662343,0.10080938179095486,0.0
686,1.1281641450735853,1.2776828479129931,0.07308349456855705,0.07643520827085075
687,0.5724146281757556,0.8718887066756617,0.1701240998469494,0.12934997865295655
688,0.7379295534194802,1.0134788110075128,0.14953171150332623,0.12601754608470642
689,-1.6041939537757703,0.9084965985576452,0.1079428806697295,2.404747671663686
690,0.055352347694044735,0.6207395050886798,0.19825404121569762,0.36713311617893746
691,0.0,0.09448399120488098,0.09448399120488098,0.0
692,-0.5014648457927722,0.26501214519818084,0.11507637954850415,0.6514006114424489
693,0.4900727404963092,0.9726980884666164,0.14912765735697586,0.33349769061333134
694,-2.469078000705104,0.35868802811036105,0.09407993705853061,2.7336860917569346
695,-0.10458645583589382,0.4850707371965525,0.17052815399329976,0.4191290390391466
696,-0.00857434452979644,0.7177801103670726,0.17052815399329976,0.5558263009035692
697,0.9141256088976351,1.2671846266680062,0.11467232540215377,0.2383866923682174
698,0.21955974468151762,1.0378399758636985,0.23270937317051968,0.5855708580116612
699,-1.2994326641857439,1.190736409733237,0.20498348594812185,2.285185587970859
700,1.211732852223211,1.2638199043017944,0.052087052078583496,0.0
701,-0.33432230553938797,0.3179073055694651,0.16043398689466337,0.4917956242141897
702,0.8623944636025719,1.1911404638795873,0.13526471374577695,0.19348128653123844
703,0.6884042044118031,1.0243810863988498,0.1079428806697295,0.22803400131731735
704,-0.12674585971983893,0.610241283843693,0.21925048370567118,0.5177366598578608
705,0.5479108855734582,0.7702712165920061,0.20498348594812185,0.017376845070426056
706,1.1524224842776116,1.263819904301794,0.052087052078583496,0.05931036794559881
707,0.38925386853502897,1.0970605268210567,0.11467232540215376,0.593134332883874
708,0.5216500673443838,1.0731034161112214,0.19112054233692294,0.3603328064299147
709,1.0974645809674066,1.1356886894347913,0.03822410846738458,0.0
710,1.048742251255036,1.184006965000813,0.13526471374577695,0.0
711,0.30840123849810946,0.9000186480444097,0.21844237541297037,0.3731750341333298
712,1.034879307643837,1.170144021389614,0.13526471374577695,0.0
713,1.1964471420778102,1.2533216830568075,0.052087052078583496,0.004787488900413858
714,0.10064157886684505,0.5341971210552741,0.21965453785202158,0.2139010043364074
715,0.5432883339531722,0.8823869279206484,0.21171293068054614,0.12738566328693016
716,-0.4213713596240248,0.22046264614472233,0.06298932746992066,0.5788446782988265
717,0.8964871164567547,1.1667792990234014,0.0659499956897824,0.20434218687686417
718,0.28939104185420317,0.8988064856053589,0.2604352603929175,0.3489801833582382
719,-0.09940321580427963,0.43298368511796914,0.21252103897324687,0.3198658619490019
720,0.7572758868385403,1.1008293033336192,0.16299060096817475,0.18056281552690412
721,-0.19741534188567844,0.8467194335267756,0.1423982126245516,0.9017365627879025
722,0.7451541149161349,1.1772775202683883,0.10753882652337912,0.3245845788288742
723,0.6043835276936631,1.2289605182006218,0.17725759872572402,0.44731939178123453
724,0.4133814163381396,0.9895217002976772,0.18062232109193618,0.3955179628676014
725,0.40862252026178303,0.6005511708914067,0.19192865062962372,0.0
726,0.4024509007671317,1.0210163640326375,0.14239821262455157,0.4761672506409543
727,-2.3561407173001676,0.13270809967226557,0.11844110191471627,2.3704077150577167
728,0.48688282142721206,1.1075587480660434,0.10080938179095486,0.5198665448478765
729,0.23866362815370595,0.5623270624240223,0.16716343162708763,0.15650000264322872
730,1.159241745998277,1.2045993533444361,0.045357607346159234,0.0
731,0.003705101356868523,0.6409278392859526,0.07308349456855705,0.5641392433605271
732,-0.08956975701058731,0.2549179780995444,0.11171165718229202,0.2327760779278397
733,-0.22603667527992666,0.839585934648001,0.16339465511452514,0.9022279548134026
734,0.3986519000817376,0.8782140972617357,0.13566876789212734,0.34389342928787076
735,0.5992983862234574,1.2638199043017941,0.1285352690133527,0.5359862490649839
736,0.22553936215764014,1.0622011407198841,0.1218058242809284,0.7148559542813157
737,-0.298673264900879,0.25868675461210694,0.12220987842727878,0.43515014108570715
738,0.6577650700915387,1.097464580967407,0.1562611562357505,0.2834383546401178
739,-0.4032247836710702,0.5749778435961703,0.1738928763595119,0.8043097509077286
740,0.4529062013424006,0.9550663683428552,0.21171293068054609,0.2904472363199085
741,-0.04885157031139248,0.6375631169197407,0.2259799284380954,0.46043475879303775
742,0.6227259164909646,1.0344752534974864,0.13526471374577695,0.2764846232607447
743,0.8742705838011141,1.1978699086120115,0.17725759872572402,0.1463417260851733
744,0.837029320574489,0.9932904768102395,0.1562611562357505,0.0
745,0.4369774207918142,1.0386480841563988,0.14912765735697586,0.4525430060076087
746,-0.5109668377868156,0.3246367503018894,0.16716343162708763,0.6684401564616174
747,-0.5228948918910855,0.48547479134290306,0.23688220382943256,0.771487479404556
748,0.5900912488867085,1.1420140800208656,0.12853526901335266,0.42338756212080425
749,0.4536178847493481,0.6354105569925796,0.17052815399329976,0.011264518249931743
750,-0.2564130495815524,0.7290864399047599,0.21884642955932077,0.7666530599269915
751,0.8984575260477419,1.0869663597224202,0.16299060096817475,0.025518232706503583
752,1.2229998801365043,1.357495787213974,0.10753882652337912,0.026957080554090403
753,0.6106453379900438,0.7601770494933701,0.14953171150332623,0.0
754,0.06486482572312725,0.2687809217107433,0.13270809967226554,0.0712079963153505
755,0.40774980654557524,1.2428234618118206,0.14953171150332623,0.685541943762919
756,0.5363216255860442,1.1663752448770515,0.12853526901335266,0.5015183502776545
757,0.5395278849441654,0.9206110363880329,0.21171293068054614,0.16937022076332137
758,0.3783149038613148,0.9655645895878421,0.19784998706934723,0.3893996986571801
759,0.5691002576320248,1.1041940256998313,0.21171293068054614,0.3233808373872605
760,1.2273478972121645,1.3852216744363717,0.052087052078583496,0.10578672514562366
761,0.6807579736779595,1.0592404725000222,0.21844237541297037,0.16004012340909224
762,0.5520519938994163,0.7665024400794439,0.11507637954850417,0.09937406663152352
763,1.034879307643837,1.170144021389614,0.13526471374577695,0.0
764,-0.7398968323262745,0.5716131212299583,0.19488931884948546,1.1166206347067473
765,0.3141586147826272,0.9504894835375923,0.1218058242809284,0.5145250444740368
766,0.5849560085137843,0.9554704224892054,0.21844237541297037,0.15207203856245077
767,0.8386269843350314,1.069738693745009,0.21844237541297037,0.012669333997007273
768,-0.3093551836917394,0.2028309260209609,0.12220987842727879,0.3899762312854215
769,0.3272479204297185,1.069334639598659,0.23984287204929433,0.5022438471196461
770,0.2900713908493992,0.8467194335267755,0.24024692619564472,0.3164011164817316
771,-0.18051496776372877,0.5543854552525471,0.19825404121569756,0.5366463818005783
772,1.003459838281587,1.187371687367025,0.10080938179095486,0.08310246729448326
773,0.3112160470807959,0.770271216592006,0.21211698482689653,0.24693818468431356
774,-0.03410843052630924,0.5967823943788445,0.16339465511452514,0.46749616979062864
775,1.1840069650008127,1.291545791524192,0.10753882652337912,0.0
776,0.6888924441551092,1.0622011407198844,0.07308349456855705,0.3002252019962181
777,1.1267216388773802,1.2776828479129931,0.07308349456855705,0.07787771446705592
778,0.5806890633093944,0.9681212036613536,0.10080938179095486,0.28662275856100433
779,0.345381246312198,0.7874988825694176,0.14280226677090196,0.29931536948631765
780,-0.3079970278666051,0.2725496982233059,0.12517054664714056,0.4553761794427704
781,1.1964303656651567,1.2533216830568075,0.052087052078583496,0.00480426531306731
782,1.0988866123631609,1.235689962933046,0.052087052078583496,0.08471629849130168
783,0.7273322402695692,0.9996158673963141,0.14280226677090194,0.12948136035584307
784,1.044973474742473,1.1735087437558258,0.1285352690133527,0.0
785,-1.3138882688266573,1.190736409733237,0.23270937317051968,2.2719153053893746
786,0.622704903586966,0.8546610406982503,0.19784998706934723,0.03410615004193718
787,-0.0691354345086177,0.958027036562717,0.19825404121569756,0.8289084298556372
788,0.7559887157742244,1.177277520268388,0.09367588291218022,0.32761292158198346
789,0.9408768323546283,1.1071546939196932,0.12517054664714056,0.04110731491792439
790,0.04086014039281333,0.5686524530100964,0.1915245964832733,0.33626771613400974
791,-2.2012657391677726,0.6027037308185682,0.17052815399329976,2.633441315993041
792,0.9474475224968572,1.2776828479129931,0.1562611562357505,0.1739741691803854
793,0.36722740734779347,0.7526394964682447,0.1218058242809284,0.26360626483952276
794,1.1235565330623107,1.2671846266680062,0.10753882652337912,0.036089267082316266
795,0.37003516623091137,0.746718160028521,0.16339465511452514,0.2132883386830845
796,-0.3837317132672643,0.6870935549248126,0.1843910976044987,0.8864341705875782
797,-0.21455013121216981,0.7354118304908339,0.19825404121569762,0.7517079204873061
798,-0.24842068578417642,0.5300242903963615,0.21588576133945903,0.5625592148410788
799,0.7468220366732079,0.9827922555652531,0.21171293068054614,0.024257288211499136
