0,1.363373653862995,1.3877348187191807,0.024361164856185683,0.0
1,1.363373653862995,1.3877348187191807,0.024361164856185683,0.0
2,1.377236597474194,1.4015977623303797,0.024361164856185683,0.0
3,1.377236597474194,1.4015977623303797,0.024361164856185683,0.0
4,1.3910995410853928,1.4154607059415785,0.024361164856185683,0.0
5,1.377236597474194,1.4015977623303797,0.024361164856185683,0.0
6,1.3910995410853928,1.4154607059415785,0.024361164856185683,0.0
7,1.3910995410853928,1.4154607059415785,0.024361164856185683,0.0
8,1.3910995410853928,1.4154607059415785,0.024361164856185683,0.0
9,1.377236597474194,1.4015977623303797,0.024361164856185683,0.0
10,1.377236597474194,1.4015977623303797,0.024361164856185683,0.0
11,1.3014337623993397,1.3877348187191807,0.024361164856185683,0.06193989146365522
12,1.3910995410853928,1.4154607059415785,0.024361164856185683,0.0
13,1.3079218794181997,1.3600089314967831,0.052087052078583496,0.0
14,1.3910995410853928,1.4154607059415785,0.024361164856185683,0.0
15,1.3910995410853928,1.4154607059415785,0.024361164856185683,0.0
16,1.377236597474194,1.4015977623303797,0.024361164856185683,0.0
17,1.2747883175933923,1.3877348187191807,0.024361164856185683,0.08858533626960277
18,1.363373653862995,1.3877348187191807,0.024361164856185683,0.0
19,1.377236597474194,1.4015977623303797,0.024361164856185683,0.0
20,1.2865855935704058,1.3877348187191807,0.024361164856185683,0.07678806029258922
21,1.3910995410853928,1.4154607059415785,0.024361164856185683,0.0
22,1.3910995410853928,1.4154607059415785,0.024361164856185683,0.0
23,1.3910995410853928,1.4154607059415785,0.024361164856185683,0.0
24,1.3910995410853928,1.4154607059415785,0.024361164856185683,0.0
25,1.3233591613874567,1.3877348187191807,0.024361164856185683,0.04001449247553825
26,1.3910995410853928,1.4154607059415785,0.024361164856185683,0.0
27,1.3910995410853928,1.4154607059415785,0.024361164856185683,0.0
28,1.3910995410853928,1.4154607059415785,0.024361164856185683,0.0
29,1.3910995410853928,1.4154607059415785,0.024361164856185683,0.0
30,1.3910995410853928,1.4154607059415785,0.024361164856185683,0.0
31,1.3910995410853928,1.4154607059415785,0.024361164856185683,0.0
32,1.3910995410853928,1.4154607059415785,0.024361164856185683,0.0
33,1.377236597474194,1.4015977623303797,0.024361164856185683,0.0
34,1.3910995410853928,1.4154607059415785,0.024361164856185683,0.0
35,1.377236597474194,1.4015977623303797,0.024361164856185683,0.0
36,1.267225226954194,1.3877348187191807,0.024361164856185683,0.09614842690880114
37,1.3910995410853928,1.4154607059415785,0.024361164856185683,0.0
38,1.3910995410853928,1.4154607059415785,0.024361164856185683,0.0
39,1.2747069673524956,1.3877348187191807,0.024361164856185683,0.08866668651049958
40,1.3910995410853928,1.4154607059415785,0.024361164856185683,0.0
41,1.377236597474194,1.4015977623303797,0.024361164856185683,0.0
42,1.3910995410853928,1.4154607059415785,0.024361164856185683,0.0
43,1.377236597474194,1.4015977623303797,0.024361164856185683,0.0
44,1.377236597474194,1.4015977623303797,0.024361164856185683,0.0
45,1.3060619922290542,1.3877348187191807,0.024361164856185683,0.057311661633940796
46,1.3910995410853928,1.4154607059415785,0.024361164856185683,0.0
47,1.377236597474194,1.4015977623303797,0.024361164856185683,0.0
48,1.3910995410853928,1.4154607059415785,0.024361164856185683,0.0
49,1.377236597474194,1.4015977623303797,0.024361164856185683,0.0
50,1.377236597474194,1.4015977623303797,0.024361164856185683,0.0
51,1.299936802456022,1.3520238545346055,0.052087052078583496,0.0
52,1.3910995410853928,1.4154607059415785,0.024361164856185683,0.0
53,1.3910995410853928,1.4154607059415785,0.024361164856185683,0.0
54,1.3910995410853928,1.4154607059415785,0.024361164856185683,0.0
55,1.377236597474194,1.4015977623303797,0.024361164856185683,0.0
56,1.3910995410853928,1.4154607059415785,0.024361164856185683,0.0
57,1.3910995410853928,1.4154607059415785,0.024361164856185683,0.0
58,1.377236597474194,1.4015977623303797,0.024361164856185683,0.0
59,1.3910995410853928,1.4154607059415785,0.024361164856185683,0.0
60,1.3910995410853928,1.4154607059415785,0.024361164856185683,0.0
61,1.3910995410853928,1.4154607059415785,0.024361164856185683,0.0
62,1.3910995410853928,1.4154607059415785,0.024361164856185683,0.0
63,1.377236597474194,1.4015977623303797,0.024361164856185683,0.0
64,1.377236597474194,1.4015977623303797,0.024361164856185683,0.0
65,1.377236597474194,1.4015977623303797,0.024361164856185683,0.0
66,1.3538723472061465,1.4015977623303797,0.024361164856185683,0.023364250268047643
67,1.377236597474194,1.4015977623303797,0.024361164856185683,0.0
68,1.377236597474194,1.4015977623303797,0.024361164856185683,0.0
69,1.3910995410853928,1.4154607059415785,0.024361164856185683,0.0
70,1.3690987881025691,1.4015977623303797,0.024361164856185683,0.008137809371624914
71,1.3910995410853928,1.4154607059415785,0.024361164856185683,0.0
72,1.3910995410853928,1.4154607059415785,0.024361164856185683,0.0
73,1.3235774886520462,1.3877348187191807,0.024361164856185683,0.039796165210948885
74,1.363373653862995,1.3877348187191807,0.024361164856185683,0.0
75,1.377236597474194,1.4015977623303797,0.024361164856185683,0.0
76,1.377236597474194,1.4015977623303797,0.024361164856185683,0.0
77,1.3910995410853928,1.4154607059415785,0.024361164856185683,0.0
78,1.3910995410853928,1.4154607059415785,0.024361164856185683,0.0
79,1.3910995410853928,1.4154607059415785,0.024361164856185683,0.0
80,1.3910995410853928,1.4154607059415785,0.024361164856185683,0.0
81,1.3910995410853928,1.4154607059415785,0.024361164856185683,0.0
82,1.3910995410853928,1.4154607059415785,0.024361164856185683,0.0
83,1.3910995410853928,1.4154607059415785,0.024361164856185683,0.0
84,1.377236597474194,1.4015977623303797,0.024361164856185683,0.0
85,1.377236597474194,1.4015977623303797,0.024361164856185683,0.0
86,1.377236597474194,1.4015977623303797,0.024361164856185683,0.0
87,1.2790790396279532,1.3877348187191807,0.024361164856185683,0.0842946142350417
88,1.3086990163119387,1.4015977623303797,0.024361164856185683,0.06853758116225526
89,1.3910995410853928,1.4154607059415785,0.024361164856185683,0.0
90,1.3910995410853928,1.4154607059415785,0.024361164856185683,0.0
91,0.9343618158723893,1.3045571570519876,0.052087052078583496,0.31810828910101485
92,1.3910995410853928,1.4154607059415785,0.024361164856185683,0.0
93,1.377236597474194,1.4015977623303797,0.024361164856185683,0.0
94,1.3910995410853928,1.4154607059415785,0.024361164856185683,0.0
95,1.288369350722149,1.373871875107982,0.052087052078583496,0.0334154723072496
96,1.302500657516442,1.4015977623303797,0.024361164856185683,0.07473593995775217
97,1.3910995410853928,1.4154607059415785,0.024361164856185683,0.0
98,1.3910995410853928,1.4154607059415785,0.024361164856185683,0.0
99,1.3910995410853928,1.4154607059415785,0.024361164856185683,0.0
100,1.3910995410853928,1.4154607059415785,0.024361164856185683,0.0
101,1.3910995410853928,1.4154607059415785,0.024361164856185683,0.0
102,1.377236597474194,1.4015977623303797,0.024361164856185683,0.0
103,1.3910995410853928,1.4154607059415785,0.024361164856185683,0.0
104,1.3910995410853928,1.4154607059415785,0.024361164856185683,0.0
105,0.8884677727796852,1.3499166442214485,0.04620918542956231,0.4152396860122009
106,1.377236597474194,1.4015977623303797,0.024361164856185683,0.0
107,1.3910995410853928,1.4154607059415785,0.024361164856185683,0.0
108,1.3910995410853928,1.4154607059415785,0.024361164856185683,0.0
109,1.3910995410853928,1.4154607059415785,0.024361164856185683,0.0
110,1.3910995410853928,1.4154607059415785,0.024361164856185683,0.0
111,1.3910995410853928,1.4154607059415785,0.024361164856185683,0.0
112,1.377236597474194,1.4015977623303797,0.024361164856185683,0.0
113,1.3910995410853928,1.4154607059415785,0.024361164856185683,0.0
114,1.3910995410853928,1.4154607059415785,0.024361164856185683,0.0
115,1.3069685112701097,1.4015977623303797,0.024361164856185683,0.07026808620408431
116,1.377236597474194,1.4015977623303797,0.024361164856185683,0.0
117,1.3910995410853928,1.4154607059415785,0.024361164856185683,0.0
118,1.3910995410853928,1.4154607059415785,0.024361164856185683,0.0
119,1.3910995410853928,1.4154607059415785,0.024361164856185683,0.0
120,1.3079218794181997,1.3600089314967831,0.052087052078583496,0.0
121,1.3495107102517963,1.4015977623303797,0.052087052078583496,0.0
122,1.3910995410853928,1.4154607059415785,0.024361164856185683,0.0
123,1.377236597474194,1.4015977623303797,0.024361164856185683,0.0
124,1.3910995410853928,1.4154607059415785,0.024361164856185683,0.0
125,1.377236597474194,1.4015977623303797,0.024361164856185683,0.0
126,1.3865736759383476,1.4154607059415785,0.024361164856185683,0.004525865147045329
127,1.3108132032507405,1.3877348187191807,0.024361164856185683,0.052560450612254554
128,1.3910995410853928,1.4154607059415785,0.024361164856185683,0.0
129,1.3910995410853928,1.4154607059415785,0.024361164856185683,0.0
130,1.377236597474194,1.4015977623303797,0.024361164856185683,0.0
131,1.377236597474194,1.4015977623303797,0.024361164856185683,0.0
132,1.3910995410853928,1.4154607059415785,0.024361164856185683,0.0
133,1.3910995410853928,1.4154607059415785,0.024361164856185683,0.0
134,1.3910995410853928,1.4154607059415785,0.024361164856185683,0.0
135,1.3910995410853928,1.4154607059415785,0.024361164856185683,0.0
136,1.377236597474194,1.4015977623303797,0.024361164856185683,0.0
137,1.3910995410853928,1.4154607059415785,0.024361164856185683,0.0
138,1.1837648345528529,1.3461459878855841,0.052087052078583496,0.11029410125414786
139,1.2804647380111527,1.3877348187191807,0.024361164856185683,0.08290891585184239
140,1.377236597474194,1.4015977623303797,0.024361164856185683,0.0
141,1.377236597474194,1.4015977623303797,0.024361164856185683,0.0
142,1.377236597474194,1.4015977623303797,0.024361164856185683,0.0
143,1.2780887818826456,1.3024499467388313,0.024361164856185683,0.0
144,1.331073572167839,1.3877348187191807,0.024361164856185683,0.032300081695156066
145,1.377236597474194,1.4015977623303797,0.024361164856185683,0.0
146,1.3146987808630612,1.3877348187191807,0.024361164856185683,0.04867487299993388
147,1.377236597474194,1.4015977623303797,0.024361164856185683,0.0
148,1.3910995410853928,1.4154607059415785,0.024361164856185683,0.0
149,1.377236597474194,1.4015977623303797,0.024361164856185683,0.0
150,1.377236597474194,1.4015977623303797,0.024361164856185683,0.0
151,1.377236597474194,1.4015977623303797,0.024361164856185683,0.0
152,1.3910995410853928,1.4154607059415785,0.024361164856185683,0.0
153,1.2663330485846032,1.3184201006631866,0.052087052078583496,0.0
154,1.3910995410853928,1.4154607059415785,0.024361164856185683,0.0
155,1.3910995410853928,1.4154607059415785,0.024361164856185683,0.0
156,1.301079411078647,1.3877348187191807,0.024361164856185683,0.0622942427843481
157,1.377236597474194,1.4015977623303797,0.024361164856185683,0.0
158,1.377236597474194,1.4015977623303797,0.024361164856185683,0.0
159,1.3910995410853928,1.4154607059415785,0.024361164856185683,0.0
160,1.3910995410853928,1.4154607059415785,0.024361164856185683,0.0
161,1.3910995410853928,1.4154607059415785,0.024361164856185683,0.0
162,1.3910995410853928,1.4154607059415785,0.024361164856185683,0.0
163,1.377236597474194,1.4015977623303797,0.024361164856185683,0.0
164,1.3910995410853928,1.4154607059415785,0.024361164856185683,0.0
165,1.3910995410853928,1.4154607059415785,0.024361164856185683,0.0
166,1.3910995410853928,1.4154607059415785,0.024361164856185683,0.0
167,1.3910995410853928,1.4154607059415785,0.024361164856185683,0.0
168,1.2966158187541912,1.3877348187191807,0.024361164856185683,0.06675783510880387
169,1.377236597474194,1.4015977623303797,0.024361164856185683,0.0
170,1.3910995410853928,1.4154607059415785,0.024361164856185683,0.0
171,1.3910995410853928,1.4154607059415785,0.024361164856185683,0.0
172,1.3910995410853928,1.4154607059415785,0.024361164856185683,0.0
173,1.3910995410853928,1.4154607059415785,0.024361164856185683,0.0
174,1.3910995410853928,1.4154607059415785,0.024361164856185683,0.0
175,1.3910995410853928,1.4154607059415785,0.024361164856185683,0.0
176,1.3017459700485212,1.3877348187191807,0.024361164856185683,0.061627683814473914
177,1.377236597474194,1.4015977623303797,0.024361164856185683,0.0
178,1.3910995410853928,1.4154607059415785,0.024361164856185683,0.0
179,1.3910995410853928,1.4154607059415785,0.024361164856185683,0.0
180,1.377236597474194,1.4015977623303797,0.024361164856185683,0.0
181,1.3910995410853928,1.4154607059415785,0.024361164856185683,0.0
182,1.377236597474194,1.4015977623303797,0.024361164856185683,0.0
183,1.377236597474194,1.4015977623303797,0.024361164856185683,0.0
184,1.3910995410853928,1.4154607059415785,0.024361164856185683,0.0
185,1.3910995410853928,1.4154607059415785,0.024361164856185683,0.0
186,1.3910995410853928,1.4154607059415785,0.024361164856185683,0.0
187,1.377236597474194,1.4015977623303797,0.024361164856185683,0.0
188,1.377236597474194,1.4015977623303797,0.024361164856185683,0.0
189,1.377236597474194,1.4015977623303797,0.024361164856185683,0.0
190,1.377236597474194,1.4015977623303797,0.024361164856185683,0.0
191,1.377236597474194,1.4015977623303797,0.024361164856185683,0.0
192,1.3910995410853928,1.4154607059415785,0.024361164856185683,0.0
193,1.377236597474194,1.4015977623303797,0.024361164856185683,0.0
194,1.377236597474194,1.4015977623303797,0.024361164856185683,0.0
195,1.377236597474194,1.4015977623303797,0.024361164856185683,0.0
196,1.377236597474194,1.4015977623303797,0.024361164856185683,0.0
197,1.3910995410853928,1.4154607059415785,0.024361164856185683,0.0
198,1.377236597474194,1.4015977623303797,0.024361164856185683,0.0
199,1.363373653862995,1.3877348187191807,0.024361164856185683,0.0
200,0.05676490297799708,0.1482755126857348,0.0025131442828090615,0.08899746542492867
201,0.9027580993521431,1.1638205106268422,0.15123486767013236,0.10982754360456685
202,1.2816438419463207,1.3461459878855841,0.052087052078583496,0.012415093860679993
203,0.23359821498688055,0.3399173597779999,0.10631914479111935,0.0
204,0.9315151916026725,1.0667799053484495,0.13526471374577695,0.0
205,0.5168465649989646,0.6722958532954101,0.15544928829644541,0.0
206,1.1415665560838129,1.249105382607192,0.10753882652337912,0.0
207,1.1970183305286084,1.3045571570519876,0.10753882652337912,0.0
208,0.9117743813424524,1.0747649823106271,0.16299060096817475,0.0
209,0.9377200862628845,1.1579426439778209,0.13526471374577695,0.08495784396915934
210,1.1356252425633488,1.2491053826071923,0.07981293930098131,0.03366720074286222
211,1.2108812741398074,1.3184201006631866,0.10753882652337912,0.0
212,1.1138406688614153,1.2491053826071923,0.13526471374577695,0.0
213,1.2940589358070007,1.3461459878855841,0.052087052078583496,0.0
214,0.4130405644906546,0.5247938116403468,0.11175324714969216,0.0
215,0.8959634606245919,1.1579426439778209,0.13526471374577695,0.12671446960745208
216,1.0424729835027988,1.1797906645511975,0.13526471374577695,0.0020529673026217915
217,-1.9413023237177989,0.1482755126857348,0.0025131442828090615,2.0870646921207245
218,0.9426045589977479,1.2075165517735953,0.16299060096817475,0.10192139180767264
219,1.1970183305286084,1.3045571570519876,0.10753882652337912,0.0
220,0.9395002685648506,1.1024908695330253,0.16299060096817475,0.0
221,0.8243822990489459,1.003343053941476,0.1789607548925302,0.0
222,1.002937119971824,1.1936536081623965,0.19071648819057255,0.0
223,1.0142947578584809,1.2075165517735953,0.19071648819057255,0.0025053057245418026
224,0.8231815684873837,1.149957567015643,0.15123486767013236,0.17554113085812695
225,1.2663330485846032,1.3184201006631866,0.052087052078583496,0.0
226,0.9652417683582533,1.2549832492562134,0.07981293930098131,0.20992854159697888
227,0.9214788654739494,1.1856685312002186,0.13526471374577695,0.1289249519804923
228,0.23359821498688055,0.3399173597779999,0.10631914479111935,0.0
229,1.1831553869174098,1.290694213440789,0.10753882652337912,0.0
230,0.3970704105662989,0.5470855965041715,0.15001518593787264,0.0
231,0.5307095086101633,0.6168440788506142,0.08613457024045088,0.0
232,-0.5397817083659595,0.20417105142097877,0.058408683018053055,0.6855440767688852
233,0.38697812329096476,0.5369933092288374,0.1500151859378726,0.0
234,0.5844978370322511,0.7239769714043411,0.13947913437209,0.0
235,0.21590895583679912,0.37185766762671074,0.10631914479111935,0.049629566998792264
236,0.4290734058953362,0.5369933092288374,0.08613457024045088,0.021785333093050255
237,0.6580098198970178,0.8386511766297972,0.14158634468524656,0.03905501204753277
238,0.6538125550882455,0.7794287458491367,0.12561619076089112,0.0
239,1.1804584458004828,1.3045571570519876,0.10753882652337912,0.016559884728125602
240,0.4186029135819594,0.9991286333151631,0.13526471374577695,0.44526100598742674
241,1.0856663208041941,1.262968326218391,0.13526471374577695,0.04203729166841988
242,0.5445724522213625,0.7277476277402057,0.18317517551884321,0.0
243,0.14576236840292572,0.23611135926968965,0.09034899086676391,0.0
244,1.0269498409244515,1.2352424389959933,0.16299060096817475,0.04530199710336698
245,1.266333048584603,1.3461459878855841,0.07981293930098131,0.0
246,0.7412046373817521,0.8924395050518845,0.15123486767013236,0.0
247,1.1970183305286084,1.3045571570519876,0.10753882652337912,0.0
248,1.1831553869174098,1.290694213440789,0.10753882652337912,0.0
249,0.9111677108341641,1.262968326218391,0.12140177013457804,0.2303988452496489
250,0.11086898885627045,0.24409643623186736,0.09034899086676391,0.042878456508832985
251,0.8845111186383745,1.1718055875890199,0.13526471374577695,0.15202975520486844
252,1.2940589358070007,1.3461459878855841,0.052087052078583496,0.0
253,0.5678616339740442,0.7773215355359804,0.15544928829644544,0.05401061326549073
254,0.6857528629369565,0.8369877306070889,0.15123486767013236,0.0
255,0.48279904683709735,0.6126296582243015,0.12983061138720414,0.0
256,0.6229306689222698,1.0684433513711578,0.15711273431915357,0.28839994812973435
257,1.0134299079086888,1.262968326218391,0.13526471374577695,0.11427370456392522
258,-0.3967803963506848,0.3079770519292891,0.0823639139045862,0.6223935343753877
259,1.1014196391572257,1.2411203056450144,0.13526471374577695,0.004435952742011759
260,0.9852998652206086,1.1856685312002186,0.13526471374577695,0.06510395223383304
261,0.27050165969823464,0.3836134009247531,0.10210472416480633,0.011007017061712135
262,0.3512671591063893,0.501282345044262,0.15001518593787264,0.0
263,1.261635016672963,1.3184201006631866,0.052087052078583496,0.004698031911640076
264,1.0029371199718238,1.1659277209399985,0.16299060096817475,0.0
265,0.3013735543141349,0.46346417054653005,0.15001518593787266,0.012075430294522533
266,1.2524701049734042,1.3322830442743854,0.07981293930098131,0.0
267,0.5664204727947391,0.6941438738687866,0.12772340107404762,0.0
268,0.44287366202620865,0.5769186940397258,0.1340450320135172,0.0
269,1.2940589358070007,1.3461459878855841,0.052087052078583496,0.0
270,0.9844203535766609,1.1318802027781312,0.13737192405893348,0.010087925142536766
271,1.2524701049734042,1.3322830442743854,0.07981293930098131,0.0
272,0.3731151796797658,0.5231303656176385,0.15001518593787264,0.0
273,0.29747883068430203,0.4197681293997768,0.12228929871547481,0.0
274,1.0919926482880384,1.1995314748114176,0.10753882652337912,0.0
275,0.8840484941200546,1.0470390950882293,0.16299060096817475,0.0
276,0.9117743813424524,1.0747649823106271,0.16299060096817475,0.0
277,0.03259348300988499,0.1482755126857348,0.0025131442828090615,0.11316888539304076
278,0.4348885850640309,0.5689336170775481,0.1340450320135172,0.0
279,0.8922885016508464,1.1995314748114176,0.16299060096817475,0.1442523721923965
280,1.0017866980777337,1.1936536081623965,0.16299060096817475,0.028876309116488096
281,0.14248011123217302,0.23611135926968965,0.09034899086676391,0.0032822571707526865
282,1.055528413190715,1.1995314748114176,0.10753882652337912,0.03646423509732348
283,1.2306220844000277,1.310435023701009,0.07981293930098131,0.0
284,1.2940589358070007,1.3461459878855841,0.052087052078583496,0.0
285,1.0898854379748821,1.2411203056450144,0.15123486767013236,0.0
286,0.8760634171578767,1.0113281309036537,0.13526471374577695,0.0
287,0.905884019573656,1.1797906645511977,0.19071648819057255,0.08319015678696914
288,0.39917762087945546,0.5332226528929727,0.1340450320135172,0.0
289,1.2524701049734042,1.3322830442743854,0.07981293930098131,0.0
290,-3.0838344513685225,0.1482755126857348,0.0025131442828090615,3.2295968197714484
291,0.29958604099745856,0.44960122693533117,0.15001518593787264,0.0
292,0.3869781232909648,0.5647191964512353,0.17774107316027046,0.0
293,0.9470973602926138,1.1797906645511975,0.16299060096817475,0.06970270329040892
294,1.1970183305286084,1.3045571570519876,0.10753882652337912,0.0
295,1.19320176501069,1.3045571570519876,0.10753882652337912,0.003816565517918287
296,1.0168000635830228,1.1797906645511975,0.16299060096817475,0.0
297,0.12577327572368818,0.1562605896479125,0.010498221244986776,0.01998909267923755
298,0.4668288929127419,0.6382483351335427,0.17141944222080086,0.0
299,1.1138406688614153,1.2491053826071923,0.13526471374577695,0.0
300,0.8840484941200548,1.0747649823106273,0.19071648819057255,0.0
301,-0.39515820682547065,0.2840218210427559,0.09034899086676391,0.5888310370014627
302,1.127703612472614,1.262968326218391,0.13526471374577695,0.0
303,0.7928857554906833,0.9281504692364603,0.13526471374577695,0.0
304,0.7289406428388272,0.8647136178294867,0.12350898044773455,0.012263994542925072
305,0.5613586752331992,0.7336254943892271,0.16931223190764436,0.002954587248383557
306,0.9256373249536514,1.0886279259218261,0.16299060096817475,0.0
307,1.0691097786675237,1.1797906645511975,0.07981293930098131,0.030867946582692745
308,1.0770613807632978,1.2213794953847943,0.13526471374577695,0.009053400875719564
309,0.9672261557872484,1.130216756755423,0.16299060096817475,0.0
310,-0.6352513016571958,0.1482755126857348,0.0025131442828090615,0.7810136700601216
311,1.1082485464455518,1.262968326218391,0.13526471374577695,0.019455066027062345
312,1.1117334585482588,1.219272285071638,0.10753882652337912,0.0
313,0.9037893043802747,1.0667799053484495,0.16299060096817475,0.0
314,0.9498496607450957,1.27683126982959,0.12140177013457804,0.20557983894991635
315,0.4987692007614527,0.6126296582243014,0.1138604574628487,0.0
316,0.3145372184177133,0.4117830524375992,0.09034899086676391,0.006896843153121982
317,1.1970183305286084,1.3045571570519876,0.10753882652337912,0.0
318,0.9137526681635363,1.102490869533025,0.16299060096817475,0.025747600401314123
319,1.2386071613622054,1.3184201006631866,0.07981293930098131,0.0
320,1.2524701049734042,1.3045571570519876,0.052087052078583496,0.0
321,-4.598639410804685,0.1482755126857348,0.0025131442828090615,4.74440177920761
322,1.210970772442943,1.3461459878855841,0.052087052078583496,0.08308816336405764
323,1.2940589358070007,1.3461459878855841,0.052087052078583496,0.0
324,1.2108812741398074,1.3184201006631866,0.10753882652337912,0.0
325,1.2940589358070007,1.3461459878855841,0.052087052078583496,0.0
326,0.9256373249536516,1.0886279259218263,0.16299060096817475,0.0
327,0.972614488451292,1.2133944184226166,0.16299060096817475,0.07778932900314989
328,1.2546648089838304,1.3461459878855841,0.052087052078583496,0.039394126823170394
329,0.4050554875284767,0.5391005195419939,0.1340450320135172,0.0
330,0.1282082647204938,0.18021582053444565,0.04243852909369763,0.009569026720254227
331,0.2364367592033329,0.2999919749671114,0.058408683018053055,0.005146532745725427
332,0.9172199607370402,1.0806428489596487,0.13526471374577695,0.028158174476831586
333,0.8061264036663756,1.1856685312002186,0.14912765735697586,0.23041447017686714
334,1.1611360088838207,1.3184201006631866,0.07981293930098131,0.07747115247838463
335,1.2940589358070007,1.3461459878855841,0.052087052078583496,0.0
336,-1.678362730536798,0.1482755126857348,0.0025131442828090615,1.8241250989397237
337,0.22561313802470292,0.284021821042756,0.058408683018053055,0.0
338,0.6676754986994446,0.8348805202939324,0.16720502159448777,0.0
339,0.9672261557872484,1.1024908695330253,0.13526471374577695,0.0
340,1.2663330485846032,1.3184201006631866,0.052087052078583496,0.0
341,1.1970183305286084,1.3045571570519876,0.10753882652337912,0.0
342,1.0244568097350228,1.262968326218391,0.13526471374577695,0.10324680273759121
343,1.1970183305286084,1.3045571570519876,0.10753882652337912,0.0
344,0.9092937328802028,1.1499575670156432,0.13526471374577695,0.10539912038966351
345,1.016314413375202,1.1718055875890199,0.13526471374577695,0.020226460468040906
346,0.3731151796797658,0.5231303656176385,0.15001518593787264,0.0
347,0.7514039636775204,1.0609020386994283,0.14912765735697586,0.16037041766493207
348,0.7273416937705531,0.8785765614406855,0.15123486767013236,0.0
349,-5.491462017568244,0.1482755126857348,0.0025131442828090615,5.6372243859711695
350,0.21762806106252514,0.2840218210427559,0.06639375998023077,0.0
351,1.1173364631804041,1.290694213440789,0.10753882652337912,0.06581892373700562
352,0.3294191385330129,0.4357382833241323,0.10631914479111935,0.0
353,1.1138406688614153,1.2491053826071923,0.13526471374577695,0.0
354,0.6399496114770467,0.7517028586267388,0.11175324714969216,0.0
355,0.7374339810458874,0.8726986947916644,0.13526471374577695,0.0
356,1.0702990387840525,1.290694213440789,0.10753882652337912,0.11285634813335729
357,0.6340717448280255,0.7735508792001154,0.13947913437208997,0.0
358,1.1119932044703966,1.3045571570519876,0.10753882652337912,0.08502512605821172
359,1.2663330485846032,1.3184201006631866,0.052087052078583496,0.0
360,1.2940589358070007,1.3461459878855841,0.052087052078583496,0.0
361,1.0508287314140632,1.2491053826071923,0.13526471374577695,0.06301193744735217
362,0.6382311360046472,1.1797906645511975,0.10753882652337912,0.4340207020231711
363,-0.07939501678486743,0.1482755126857348,0.0025131442828090615,0.22515738518779319
364,0.6857528629369566,0.836987730607089,0.15123486767013236,0.0
365,-1.5606652324339776,0.1482755126857348,0.0025131442828090615,1.7064276008369033
366,0.988085938540956,1.1797906645511975,0.13526471374577695,0.05644001226446451
367,0.24375068137971936,0.4932972680820843,0.15001518593787264,0.09953140076449227
368,-0.3651065690960551,0.1482755126857348,0.0025131442828090615,0.5108689374989809
369,0.4348885850640309,0.5689336170775481,0.1340450320135172,0.0
370,1.2940589358070007,1.3461459878855841,0.052087052078583496,0.0
371,1.1970183305286084,1.3045571570519876,0.10753882652337912,0.0
372,0.9393624421297897,1.1995314748114176,0.16299060096817475,0.09717843171345321
373,0.3832074669551003,0.5012823450442621,0.11807487808916177,0.0
374,0.4748139698749194,0.620614735186479,0.14580076531155958,0.0
375,0.7790228118794843,0.9142875256252613,0.13526471374577695,0.0
376,0.23469299741338281,0.4533718832711958,0.16598533986222808,0.05269354599558493
377,0.6996158065481555,0.8508506742182879,0.15123486767013236,0.0
378,1.2386071613622054,1.3184201006631866,0.07981293930098131,0.0
379,0.32731192821985633,0.4613569602333735,0.13404503201351722,0.0
380,0.6403933757674951,0.8033839767356699,0.16299060096817475,0.0
381,0.7474540097392403,0.904195238349927,0.1512348676701324,0.005506360940554348
382,1.2823330648070002,1.3461459878855841,0.052087052078583496,0.01172587100000063
383,0.9672261557872484,1.130216756755423,0.16299060096817475,0.0
384,0.34328208214421174,0.4613569602333735,0.11807487808916177,0.0
385,0.9890741763606248,1.1520647773287995,0.16299060096817475,0.0
386,1.0242414272421212,1.2608611159052348,0.10753882652337912,0.12908086213973435
387,0.18615779521815257,0.6042008169716755,0.11386045746284872,0.3041825642906742
388,1.1692924433062108,1.27683126982959,0.10753882652337912,0.0
389,1.1448362527868832,1.290694213440789,0.10753882652337912,0.038319134130526594
390,0.019306015561223078,0.3319322828158222,0.09034899086676391,0.22227727638783523
391,1.0444138917728378,1.262968326218391,0.13526471374577695,0.0832897206997763
392,1.0254010249764296,1.262968326218391,0.13526471374577695,0.10230258749618443
393,0.16971759928945884,0.18820089749662333,0.018483298207164493,0.0
394,-0.26649232436051007,0.1482755126857348,0.0025131442828090615,0.4122546927634358
395,0.4029482772153203,0.5210231553044821,0.11807487808916177,0.0
396,0.6958451502122908,0.8311098639580677,0.13526471374577695,0.0
397,-0.039758251943079914,0.9234922843196992,0.19493090881688563,0.7683196274458934
398,0.8067486991018822,0.9420134128476592,0.13526471374577695,0.0
399,0.1856877532138143,0.2760367440805782,0.09034899086676391,0.0
400,1.089629998841153,1.4015977623303797,0.052087052078583496,0.25988071141064323
401,1.268445986027407,1.4015977623303797,0.052087052078583496,0.08106472422438925
402,0.8687183453697888,1.258753905592078,0.12350898044773456,0.26652657977455474
403,0.9362538066674471,1.1520647773287995,0.13526471374577695,0.08054625691557549
404,1.0579451301261713,1.1419724900534656,0.08402735992729435,0.0
405,1.006368001233597,1.3184201006631864,0.052087052078583496,0.2599650473510061
406,1.3910995410853928,1.4154607059415785,0.024361164856185683,0.0
407,1.3081186022858875,1.3877348187191807,0.052087052078583496,0.027529164354709677
408,0.7722335242160101,1.2747240595164333,0.09367588291218022,0.40881465238824305
409,1.22263700743785,1.3024499467388313,0.07981293930098131,0.0
410,1.1848188329401177,1.2528760389430567,0.06805720600293892,0.0
411,0.9348493685736957,1.0945057925708475,0.10753882652337912,0.052117597473772675
412,1.1831553869174098,1.262968326218391,0.07981293930098131,0.0
413,1.3910995410853928,1.4154607059415785,0.024361164856185683,0.0
414,1.3910995410853928,1.4154607059415785,0.024361164856185683,0.0
415,1.159200156030877,1.2827091364786114,0.12350898044773455,0.0
416,1.3079218794181997,1.3600089314967831,0.052087052078583496,0.0
417,-1.27284042608293,1.1394215154498608,0.052087052078583496,2.3601748894542074
418,1.1589703429962266,1.3322830442743858,0.07981293930098131,0.09349976197717805
419,1.1255964021594578,1.1776834542380412,0.052087052078583496,0.0
420,1.1533222893818555,1.205409341460439,0.052087052078583496,0.0
421,1.3910995410853928,1.4154607059415785,0.024361164856185683,0.0
422,1.0754830785007663,1.262968326218391,0.13526471374577695,0.05222053397184771
423,1.2524701049734042,1.3045571570519876,0.052087052078583496,0.0
424,0.08869236143697934,0.9474475152062319,0.17352665253395738,0.6852285012352952
425,0.5276101873473197,1.1852247669097706,0.024361164856185683,0.6332534147062653
426,1.3217848230293985,1.373871875107982,0.052087052078583496,0.0
427,0.9256473008888684,1.3520238545346057,0.05419426239174001,0.37218229125399743
428,1.0110397574928525,1.3520238545346055,0.06805720600293892,0.272926891038814
429,1.363373653862995,1.3877348187191807,0.024361164856185683,0.0
430,1.377236597474194,1.4015977623303797,0.024361164856185683,0.0
431,1.2386071613622052,1.3184201006631864,0.07981293930098131,0.0
432,1.0877782276617256,1.1835613208870623,0.09578309322533674,0.0
433,1.377236597474194,1.4015977623303797,0.024361164856185683,0.0
434,1.1810481766042533,1.2608611159052345,0.07981293930098131,0.0
435,1.3079218794181997,1.3600089314967831,0.052087052078583496,0.0
436,1.3910995410853928,1.4154607059415785,0.024361164856185683,0.0
437,0.9805179242457288,1.0961692385935558,0.08402735992729435,0.03162395442053267
438,1.2940589358070007,1.3461459878855841,0.052087052078583496,0.0
439,0.23225196241127777,0.8121449711396597,0.07227162662925196,0.50762138209913
440,1.0638311331239896,1.2133944184226166,0.09578309322533674,0.053780192073290364
441,1.116241373281259,1.2427837516677227,0.05419426239174001,0.07234811599472377
442,1.18315538691741,1.2352424389959935,0.052087052078583496,0.0
443,0.821627100823334,1.120124469480089,0.13947913437209,0.15901823428466488
444,0.9337424969483772,1.169254612985415,0.06805720600293892,0.16745491003409893
445,1.3910995410853928,1.4154607059415785,0.024361164856185683,0.0
446,1.1613073663440334,1.2411203056450146,0.07981293930098131,0.0
447,1.377236597474194,1.4015977623303797,0.024361164856185683,0.0
448,1.3910995410853928,1.4154607059415785,0.024361164856185683,0.0
449,1.299936802456022,1.3520238545346055,0.052087052078583496,0.0
450,1.158460112142587,1.262968326218391,0.07981293930098131,0.024695274774822817
451,1.363373653862995,1.3877348187191807,0.024361164856185683,0.0
452,1.2940589358070007,1.3461459878855841,0.052087052078583496,0.0
453,0.8140181856240445,1.2011949208341257,0.06805720600293892,0.3191195292071423
454,0.5247523869495869,1.0902913719445342,0.09578309322533674,0.4697558917696106
455,1.2444850280112265,1.29657208008981,0.052087052078583496,0.0
456,0.7797754743944343,1.082306294982357,0.08402735992729435,0.2185034606606283
457,1.2524701049734048,1.3184201006631873,0.0659499956897824,0.0
458,1.3217848230293985,1.373871875107982,0.052087052078583496,0.0
459,1.326683620814491,1.3877348187191807,0.024361164856185683,0.03669003304850413
460,1.1812967856258574,1.3877348187191807,0.052087052078583496,0.15435098101473993
461,1.377236597474194,1.4015977623303797,0.024361164856185683,0.0
462,1.0430765588575013,1.3163128903500299,0.06805720600293892,0.2051791254895895
463,1.2224157616772335,1.373871875107982,0.052087052078583496,0.09936906135216483
464,1.266333048584603,1.3461459878855841,0.07981293930098131,0.0
465,0.7276988314011195,1.2667389825542559,0.06805720600293892,0.4709829451501974
466,1.2940589358070007,1.3461459878855841,0.052087052078583496,0.0
467,1.363373653862995,1.3877348187191807,0.024361164856185683,0.0
468,1.3111465624289727,1.4015977623303797,0.052087052078583496,0.038364147822823505
469,1.3910995410853928,1.4154607059415785,0.024361164856185683,0.0
470,1.270502968318365,1.3301758339612288,0.052087052078583496,0.007585813564280311
471,0.9667685232627744,1.2390130953318579,0.09578309322533674,0.17646147884374672
472,1.2524701049734042,1.3322830442743854,0.07981293930098131,0.0
473,1.3910995410853928,1.4154607059415785,0.024361164856185683,0.0
474,1.0200857020049594,1.2390130953318579,0.09578309322533674,0.12314430010156166
475,0.4707756194282642,1.1377580694271527,0.11175324714969216,0.5552292028491963
476,0.49820430298204654,0.9831584793908078,0.15544928829644544,0.3295048881123158
477,0.6700733815280071,1.1814541105739056,0.13947913437209,0.3719015946738084
478,0.8768506490623967,1.12600233612911,0.09578309322533674,0.15336859384137655
479,1.3910995410853928,1.4154607059415785,0.024361164856185683,0.0
480,1.3910995410853928,1.4154607059415785,0.024361164856185683,0.0
481,1.3910995410853928,1.4154607059415785,0.024361164856185683,0.0
482,1.3910995410853928,1.4154607059415785,0.024361164856185683,0.0
483,0.47695152271217145,1.1617133003136857,0.13947913437209,0.5452826432294242
484,0.9980073360847488,1.360008931496783,0.052087052078583496,0.30991454333345075
485,1.3910995410853928,1.4154607059415785,0.024361164856185683,0.0
486,1.2482556843470916,1.3024499467388315,0.05419426239174001,0.0
487,0.2689761498125347,0.9772806127417867,0.13947913437209,0.568825328557162
488,1.2337028108982662,1.3045571570519876,0.052087052078583496,0.018767294075137952
489,1.3385668776844104,1.3877348187191807,0.024361164856185683,0.02480677617858459
490,-0.23708068340099087,1.064228930744845,0.09578309322533674,1.205526520920499
491,1.3910995410853928,1.4154607059415785,0.024361164856185683,0.0
492,1.21888401176624,1.3045571570519874,0.07981293930098131,0.005860205984766094
493,1.2701037049204675,1.3381609109234065,0.06805720600293892,0.0
494,1.1166838962785195,1.2906942134407888,0.10753882652337912,0.0664714906388901
495,1.3495107102517963,1.4015977623303797,0.052087052078583496,0.0
496,1.2503628946602479,1.3024499467388313,0.052087052078583496,0.0
497,0.7552824710440997,1.0369468078128954,0.13947913437209,0.14218520239670565
498,1.2108812741398078,1.290694213440789,0.07981293930098131,0.0
499,1.22263700743785,1.3024499467388313,0.07981293930098131,0.0
500,1.2108812741398074,1.3184201006631866,0.10753882652337912,0.0
501,0.9441720755890732,1.3658867981458043,0.06805720600293892,0.353657516553792
502,1.1060911359222134,1.1894391875360832,0.06217933935391772,0.0211687122599522
503,1.0759275602650304,1.27683126982959,0.07981293930098131,0.12109077026357831
504,1.3495107102517963,1.4015977623303797,0.052087052078583496,0.0
505,1.280195992195802,1.3322830442743854,0.052087052078583496,0.0
506,1.1213140697735908,1.3045571570519876,0.07981293930098131,0.10343014797741568
507,1.3910995410853928,1.4154607059415785,0.024361164856185683,0.0
508,1.1558625520264418,1.2448909619808792,0.06805720600293892,0.02097120395149836
509,0.8164596165234232,1.2549832492562134,0.12350898044773455,0.3150146522850556
510,0.7408299251967476,1.0268545205375612,0.10753882652337912,0.17848576881743455
511,1.3356477666405973,1.3877348187191807,0.052087052078583496,0.0
512,1.22263700743785,1.2747240595164335,0.052087052078583496,0.0
513,1.3910995410853928,1.4154607059415785,0.024361164856185683,0.0
514,1.3910995410853928,1.4154607059415785,0.024361164856185683,0.0
515,1.3910995410853928,1.4154607059415785,0.024361164856185683,0.0
516,0.8947835780829732,1.2272573620338154,0.08192014961413782,0.2505536343367045
517,1.1386171610212967,1.3045571570519874,0.07981293930098131,0.08612705672970943
518,1.1490408913151282,1.3600089314967831,0.052087052078583496,0.15888098810307155
519,0.6864686479256861,1.135650859113996,0.08402735992729435,0.3651548512610156
520,1.377236597474194,1.4015977623303797,0.024361164856185683,0.0
521,1.2932964226304549,1.373871875107982,0.052087052078583496,0.028488400398943643
522,1.3910995410853928,1.4154607059415785,0.024361164856185683,0.0
523,-0.1591359920833627,1.0621217204316884,0.105875380500671,1.11538233201438
524,1.3910995410853928,1.4154607059415785,0.024361164856185683,0.0
525,1.0300525175002502,1.1995314748114176,0.16509781128133127,0.004381146029836209
526,1.363373653862995,1.3877348187191807,0.024361164856185683,0.0
527,1.036540873843243,1.144079700366622,0.10753882652337912,0.0
528,1.3495107102517963,1.4015977623303797,0.052087052078583496,0.0
529,0.9160748446245703,1.1915463978492398,0.12350898044773455,0.15196257277693487
530,1.1080814986705918,1.1995314748114176,0.07981293930098131,0.011637036839844534
531,0.9715450405240924,1.1654839566495503,0.052087052078583496,0.14185186404687444
532,0.9150716051573258,1.2885870031276323,0.06805720600293892,0.30545819196736756
533,1.3910995410853928,1.4154607059415785,0.024361164856185683,0.0
534,1.1640711988476777,1.262968326218391,0.07981293930098131,0.019084188069732073
535,1.377236597474194,1.4015977623303797,0.024361164856185683,0.0
536,1.280195992195802,1.3600089314967831,0.07981293930098131,0.0
537,1.2683937754085097,1.3461459878855841,0.052087052078583496,0.02566516039849097
538,0.5341665747641625,1.173469033611728,0.12350898044773456,0.5157934783998309
539,0.7249740175022708,1.149513802725195,0.06805720600293892,0.35648257921998533
540,1.3910995410853928,1.4154607059415785,0.024361164856185683,0.0
541,1.1848188329401177,1.2528760389430567,0.06805720600293892,0.0
542,1.3075044444238753,1.3877348187191807,0.052087052078583496,0.02814332221672189
543,1.3079218794181997,1.3600089314967831,0.052087052078583496,0.0
544,0.21761097061479018,0.9474475152062319,0.14369355499840306,0.5861429895930387
545,1.3910995410853928,1.4154607059415785,0.024361164856185683,0.0
546,1.3495107102517963,1.4015977623303797,0.052087052078583496,0.0
547,0.8548506428508631,1.1201244694800885,0.206686642114928,0.05858718451429735
548,1.1041355542533298,1.27683126982959,0.07981293930098131,0.09288277627527919
549,-1.4126700686393028,1.0978326846162638,0.07393507265196012,2.4365676806036065
550,0.47115361753937723,0.7970623457962006,0.13947913437209,0.18642959388473332
551,1.1415665560838133,1.2213794953847945,0.07981293930098131,0.0
552,1.3394184229764619,1.379749741757003,0.04033131878054111,0.0
553,-5.464986369799868,0.8654895352712987,0.046209185429562295,6.284266719641604
554,1.1322122098017677,1.2054093414604388,0.07016441631609543,0.0030327153425754997
555,0.41226630876294384,1.064228930744845,0.15544928829644544,0.49651333368545564
556,1.377236597474194,1.4015977623303797,0.024361164856185683,0.0
557,1.3910995410853928,1.4154607059415785,0.024361164856185683,0.0
558,1.2034085906439387,1.3163128903500303,0.024361164856185683,0.08854313484990584
559,0.9669868439349798,1.2272573620338154,0.12350898044773456,0.1367615376511011
560,1.1870232754324281,1.3045571570519874,0.07981293930098131,0.03772094231857796
561,1.3356477666405973,1.3877348187191807,0.052087052078583496,0.0
562,1.1810481766042533,1.2608611159052345,0.07981293930098131,0.0
563,0.4704417160005562,1.1814541105739058,0.1512348676701324,0.5597775269032171
564,1.2503628946602479,1.3024499467388313,0.052087052078583496,0.0
565,1.2357574570599321,1.3083278133878522,0.04033131878054111,0.032239037547378814
566,1.1095325274632386,1.2213794953847943,0.10753882652337912,0.004308141398176579
567,1.3217848230293985,1.373871875107982,0.052087052078583496,0.0
568,1.1525616610301292,1.2827091364786112,0.09367588291218022,0.03647159253630178
569,0.7782962274017111,0.9117365510216564,0.11596766777600521,0.01747265584394009
570,1.2444850280112265,1.29657208008981,0.052087052078583496,0.0
571,1.363373653862995,1.3877348187191807,0.024361164856185683,0.0
572,1.20289619717763,1.2827091364786112,0.07981293930098131,0.0
573,0.7936356608919898,1.2192722850716378,0.09578309322533674,0.32985353095431125
574,1.3910995410853928,1.4154607059415785,0.024361164856185683,0.0
575,0.8525720514308499,1.1201244694800885,0.206686642114928,0.06086577593431052
576,-0.11943797498563025,0.633590150216782,0.14369355499840306,0.6093345702040092
577,1.1867990258925538,1.360008931496783,0.052087052078583496,0.12112285352564564
578,1.3910995410853928,1.4154607059415785,0.024361164856185683,0.0
579,1.3079218794181995,1.360008931496783,0.052087052078583496,0.0
580,1.2940589358070007,1.3461459878855841,0.052087052078583496,0.0
581,1.1360758485312767,1.2768312698295898,0.09367588291218022,0.04707953838613289
582,1.3910995410853928,1.4154607059415785,0.024361164856185683,0.0
583,0.32805014186083337,0.7743267966419275,0.06805720600293892,0.37821944877815517
584,0.09718019756522756,1.1974242644982611,0.12350898044773455,0.976735086485299
585,1.1272598481821656,1.21128720810946,0.08402735992729435,0.0
586,1.3085140748730628,1.3877348187191807,0.052087052078583496,0.027133691767534534
587,0.7778293574160446,1.121787915502797,0.08402735992729435,0.25993119815945803
588,1.2839666485316665,1.3520238545346055,0.06805720600293892,0.0
589,0.666098227866143,1.2688461928674124,0.09578309322533674,0.5069648717759326
590,1.0107381287119195,1.1776834542380412,0.09578309322533674,0.07116223230078499
591,1.1720819555178374,1.2827091364786112,0.09578309322533674,0.01484408773543697
592,1.2940589358070007,1.3461459878855841,0.052087052078583496,0.0
593,1.2007889868644732,1.29657208008981,0.09578309322533674,0.0
594,1.2940589358070007,1.3461459878855841,0.052087052078583496,0.0
595,0.8090522245688005,1.1159100488537759,0.12772340107404762,0.1791344232109277
596,1.222214277634019,1.3461459878855841,0.07981293930098131,0.04411877095058398
597,1.1768337559779403,1.2171650747584815,0.04033131878054111,0.0
598,1.152878525091407,1.220935731094346,0.06805720600293892,0.0
599,1.0861147816390173,1.2213794953847943,0.13526471374577695,0.0
600,0.007034086564265185,0.6575453811033148,0.1256161907608911,0.5248951037781585
601,0.6720966968689205,1.12600233612911,0.12350898044773456,0.33039665881245506
602,0.8455530393987688,1.167591166962707,0.11175324714969218,0.21028488041424598
603,0.947646157081487,1.2768312698295898,0.10753882652337912,0.2216462862247236
604,0.8949654466437788,1.1281095464422664,0.1672050215944878,0.06593907820399977
605,1.127703612472614,1.2213794953847943,0.09367588291218022,0.0
606,0.7351027649544082,1.1024908695330253,0.1789607548925302,0.18842734968608693
607,0.6956048854294237,1.1180172591669324,0.12350898044773456,0.29890339328977417
608,1.09787051493706,1.1776834542380412,0.07981293930098131,0.0
609,0.8655273655920945,0.9453403048930759,0.07981293930098131,0.0
610,0.7819831855218207,1.120124469480089,0.15123486767013236,0.18690641628813587
611,0.630041093722318,0.9928070023756937,0.07016441631609545,0.2926014923372802
612,0.47313299618024846,1.026854520537561,0.15334207798328892,0.4003794463740236
613,0.1823475706652795,0.8146959457432638,0.15755649860960197,0.4747918764683823
614,0.9411637145875587,1.0806428489596487,0.13947913437209,0.0
615,0.6626494749262781,0.866820828142643,0.14912765735697586,0.055043695859389015
616,0.6696776291585573,1.0945057925708475,0.20879385242808454,0.2160343109842055
617,0.06207920333548134,0.8861178741124153,0.16931223190764436,0.6547264388692896
618,1.0478601542006913,1.322190756999051,0.04620918542956231,0.2281214173687972
619,0.28243314201676994,0.48109777049359365,0.16177091923591497,0.036893709240908706
620,1.2108812741398076,1.262968326218391,0.052087052078583496,0.0
621,-1.1768094086798604,0.43862141107910024,0.1218455344250264,1.4935852853339342
622,1.189240193908559,1.3600089314967831,0.07981293930098131,0.09095579828724278
623,1.056281684103463,1.19154639784924,0.13526471374577695,0.0
624,0.5438007162460274,0.9970214230020068,0.11175324714969218,0.34146745960628716
625,0.3962875043471388,0.5151452886554609,0.1138604574628487,0.004997326845473486
626,0.5324123808528809,1.0886279259218263,0.1928236985037291,0.36339184656521634
627,1.1727328272360495,1.2688461928674124,0.06805720600293892,0.028056159628423914
628,1.0809324702105758,1.1659277209399985,0.07981293930098131,0.005182311428441479
629,-2.9914616906613185,0.24786709256773204,0.046209185429562295,3.1931195977994884
630,0.9336654978379284,1.159606090000529,0.08192014961413782,0.1440204425484628
631,0.968756062109065,1.3045571570519874,0.07981293930098131,0.2559881556419412
632,0.5722983394437602,0.7138846841290067,0.14158634468524653,0.0
633,0.8285967196752589,1.0054502642546326,0.17685354457937363,0.0
634,1.1533222893818555,1.2331352286828368,0.07981293930098131,0.0
635,1.0818344593547193,1.2528760389430569,0.06805720600293892,0.10298437358539869
636,-0.2733297965318296,0.3873840572606177,0.1420301089756949,0.5186837448167524
637,0.36447296024417586,0.7155481301517151,0.18317517551884324,0.1678999943886961
638,1.2226370074378499,1.2608611159052345,0.03822410846738458,0.0
639,0.9705530478326646,1.054580407759959,0.08402735992729435,0.0
640,-1.773167966786633,0.8596116686222774,0.1336012677230688,2.4991783676858415
641,0.9428271606102668,1.0268545205375612,0.08402735992729435,0.0
642,0.7362489379633212,1.149957567015643,0.12140177013457804,0.29230685891774383
643,0.11606157752879692,0.7289673094724658,0.16132715494546662,0.4515785769982022
644,-1.8764480065122582,0.37518455967212705,0.1458007653115596,2.1058318008728256
645,0.2602325038999866,0.6995779762273598,0.10964603683653565,0.32969943549083763
646,-0.06410130838376871,1.0188694435753831,0.1672050215944878,0.915765730364664
647,0.9886898128740325,1.1793469002607493,0.09578309322533674,0.09487399416138015
648,0.1498792361380025,0.5285644679762116,0.18949680645831282,0.1891884253798963
649,0.6650645375551473,0.866820828142643,0.14912765735697586,0.052628633230519896
650,0.9724904939334836,1.1793469002607493,0.08402735992729435,0.1228290463999714
651,0.6096314981961884,0.8861178741124154,0.17141944222080086,0.10506693369542605
652,0.5763347218593331,1.017205997552675,0.16509781128133127,0.27577346441201067
653,-0.5035289495967672,1.0306251768734256,0.09367588291218022,1.4404782435580126
654,1.1394593457706568,1.219272285071638,0.07981293930098131,0.0
655,0.5711542099199269,1.0545804077599588,0.18317517551884324,0.30025102232118855
656,-0.27299723034954315,0.5264572576630551,0.1655415755717797,0.6339129124408185
657,0.28234588767551927,1.0066699459868926,0.13947913437208997,0.5848449239392833
658,0.9260438597532457,1.0306251768734256,0.06217933935391772,0.04240197776626225
659,1.115185048986872,1.2827091364786112,0.07981293930098131,0.08771114819075804
660,1.3356477666405973,1.3877348187191807,0.052087052078583496,0.0
661,0.39329975423043456,0.45170843724848764,0.058408683018053055,0.0
662,0.42648662875460586,0.9159509716479697,0.1810679652056867,0.30839637768767714
663,0.3224210420454715,0.978944058764495,0.11175324714969216,0.5447697695693313
664,1.0687952831824947,1.1936536081623967,0.07981293930098131,0.04504538567892089
665,-0.0822073072625612,0.43906517536954864,0.1537858422737373,0.36748664035837253
666,0.5441158048881385,0.9970214230020068,0.11175324714969218,0.3411523709641761
667,-0.12371500713594552,0.6815006119898479,0.15334207798328892,0.6518735411425045
668,0.8672668532226582,1.2331352286828368,0.12350898044773456,0.24235939501244405
669,0.49060290503301196,1.1440797003666217,0.206686642114928,0.44679015321868165
670,-1.9595348417594767,0.2718223234542652,0.08613457024045088,2.145222594973291
671,1.2240323725210331,1.3184201006631868,0.0659499956897824,0.028437732452371255
672,0.5770960245524968,0.9319211255723251,0.12350898044773456,0.23131612057209378
673,-2.341004663898235,0.5041654727992302,0.12772340107404762,2.7174467356234175
674,0.31913508798605433,0.8898885304482801,0.17729730886982206,0.39345613359240367
675,0.752769936455841,1.1856685312002184,0.10964603683653566,0.3232525579078417
676,1.2108812741398076,1.2906942134407888,0.07981293930098131,0.0
677,-1.0504802240615774,0.7646782736570417,0.12772340107404762,1.6874350966445715
678,0.7050499089067285,0.8604991972031739,0.15544928829644541,0.0
679,0.28949375372212427,0.4533718832711958,0.16387812954907155,0.0
680,1.2819079873600019,1.3600089314967838,0.03822410846738458,0.03987683566939723
681,0.6281938781790041,0.6983582944950996,0.07016441631609545,0.0
682,0.8415721347055614,0.9373552279308981,0.09578309322533674,0.0
683,-0.26669038224592057,0.6117421296434054,0.11596766777600523,0.7624648441133207
684,1.0680374174015053,1.149957567015643,0.08192014961413782,0.0
685,0.9040634239850137,1.0844135052955133,0.13947913437209,0.04087094693840954
686,1.170456837925515,1.2688461928674124,0.06805720600293892,0.030332148938958522
687,0.5918721337659817,0.8466362535919749,0.1693122319076443,0.08545188791834894
688,0.8365705277805977,1.016762233262227,0.11175324714969216,0.06843845833193722
689,-1.8655380116028726,1.0024555253605798,0.06805720600293892,2.7999363309605134
690,-0.07987336040105264,0.6335901502167818,0.1672050215944878,0.5462584890233466
691,-0.5001176932097635,0.18021582053444568,0.04243852909369763,0.6378949846505115
692,-0.6941684881504475,0.44871369835443475,0.08402735992729435,1.058854826577588
693,0.758838237328816,0.9121803153121049,0.15334207798328892,0.0
694,-3.4191303562478144,0.6528871961865537,0.08192014961413782,3.99009740282023
695,-0.16887753225385582,0.5722605091229649,0.1159676677760052,0.6251703736008155
696,0.037927610086964214,0.7129971555481106,0.06805720600293892,0.6070123394582074
697,0.8651894516495832,1.2608611159052345,0.10964603683653565,0.28602562741911564
698,0.5811141996260482,0.8802400074633938,0.1672050215944878,0.13192078624285783
699,-1.3101614781006983,1.1558354336646643,0.1533420779832889,2.312654833782074
700,1.208774063826651,1.2331352286828368,0.024361164856185683,0.0
701,-0.4954762429692795,0.3495658827628858,0.11807487808916176,0.7269672476430036
702,0.9663460676393927,1.136094623404444,0.12350898044773456,0.046239575317316844
703,0.7925785018099889,1.0209766538885399,0.08613457024045088,0.1422635818381001
704,-0.14408991314241948,0.5440908576101189,0.14580076531155958,0.5423800054409788
705,0.5555419440615886,0.8482996996146833,0.12350898044773455,0.16924877510536018
706,1.0226696257962784,1.2390130953318579,0.1256161907608911,0.0907272787746885
707,0.7976561939962253,1.0902913719445344,0.10964603683653566,0.18298914111177342
708,0.7495369527212253,1.0331761514770306,0.09578309322533674,0.18785610553046847
709,1.0898854379748817,1.1440797003666217,0.05419426239174001,0.0
710,1.056281684103463,1.19154639784924,0.13526471374577695,0.0
711,0.473622405294928,0.7815359561622932,0.2386269499636389,0.06928660090372633
712,1.042418740492264,1.177683454238041,0.13526471374577695,0.0
713,1.1726844327536725,1.2469981722940355,0.052087052078583496,0.022226687461779682
714,0.35503781544225393,0.5487490425268798,0.1937112270846259,0.0
715,0.5706348934210521,0.7932916894603356,0.22265679603928346,0.0
716,-0.7916959735782115,0.2739295337674217,0.07814949327827315,0.9874760140673601
717,1.0600523404393274,1.1419724900534651,0.08192014961413782,0.0
718,0.41315973450407556,0.8840106637992587,0.13947913437209,0.33137179492309315
719,0.05805589632969177,0.49074629347847953,0.11596766777600523,0.31672272937278256
720,0.7699061834275952,1.0113281309036537,0.10753882652337912,0.13388312095267943
721,-0.24770974318001948,0.8819034534861023,0.12561619076089106,1.0039970059052308
722,0.690099058036928,1.136094623404444,0.12350898044773455,0.32248658491978155
723,0.7527450269227391,1.219272285071638,0.12350898044773455,0.34301827770116433
724,0.6925635192815207,0.9714027460927652,0.14957142164742426,0.12926780516382025
725,0.4483077643847816,0.6100786836206966,0.16177091923591502,0.0
726,0.36027132015160174,1.0113281309036537,0.16509781128133127,0.4859589994707207
727,-4.415160272609599,0.25585216952990975,0.07814949327827315,4.592862948861236
728,0.7434610876545038,1.017205997552675,0.08402735992729435,0.18971754997087686
729,0.4130405644906545,0.5748114837265695,0.16177091923591502,0.0
730,1.1352449251443435,1.2033021311472825,0.06805720600293892,0.0
731,-0.29599112106980074,0.8297785710867231,0.06805720600293892,1.057712486153585
732,-0.6309603451014105,0.3613216160609282,0.11596766777600521,0.8763142933863335
733,-0.3766315153254921,0.8797962431729459,0.1693122319076443,1.0871155265907937
734,0.6359042912376541,0.8541775662637044,0.1256161907608911,0.0926570842651592
735,0.7236138022005366,1.2352424389959933,0.13526471374577695,0.3763639230496797
736,0.1795008096230838,1.0743212180201789,0.11175324714969218,0.7830671612474029
737,-0.45331590139700245,0.30797705192928915,0.09034899086676391,0.6709439624595277
738,0.832406564269798,1.0886279259218261,0.1928236985037291,0.06339766314829905
739,-0.5223043187685441,0.7050120785859326,0.1415863446852465,1.0857300526692302
740,0.5122642214446443,0.8050474227583782,0.21090106274124107,0.0818821385724927
741,-0.47659645405097206,0.8163593917659725,0.1672050215944878,1.1257508242224568
742,0.5733073433642926,1.0247473102244045,0.12350898044773456,0.32793098641237733
743,0.8985540314114014,1.149957567015643,0.1672050215944878,0.08419851400975373
744,0.8201678784226325,0.9596470127947225,0.13947913437208997,0.0
745,0.3700820417071021,0.9974651872924548,0.15334207798328892,0.47404106760206377
746,-1.5068884532518547,0.32350344156319616,0.08990522657631556,1.7404866682387352
747,-0.3149663659116875,0.4991751347311057,0.15378584227373732,0.6603556583690559
748,0.6955516535145149,1.1339874130912877,0.12350898044773456,0.3149267791290383
749,0.46095102626372086,0.6206147351864794,0.1596637089227585,0.0
750,-0.03389025203935503,0.7016851865405164,0.15544928829644541,0.580126150283426
751,0.9869669660474681,1.0667799053484495,0.07981293930098131,0.0
752,1.1514044354484254,1.373871875107982,0.07981293930098131,0.14265450035857538
753,0.6644306327139391,0.7352889404119357,0.06805720600293892,0.002801101695057696
754,-0.7704172305628616,0.32938130821221734,0.11008980112698402,0.9897087376480949
755,0.6864616631739406,1.1238951258159535,0.13947913437209,0.29795432826992285
756,0.6707064434127081,1.12600233612911,0.12350898044773456,0.3317869122686674
757,0.6518145204858145,0.8865616384028633,0.16509781128133127,0.06964930663571758
758,0.7820615197394098,0.9676320897569005,0.1512348676701324,0.034335702347358284
759,0.6367574243550363,1.0865207156086698,0.23441252933732581,0.21535076191630767
760,1.2293526945396933,1.3877348187191807,0.052087052078583496,0.10629507210090403
761,0.848337529935479,0.9697393000700569,0.12140177013457804,0.0
762,0.4826277515988417,0.8180228377886809,0.08402735992729435,0.25136772626254483
763,1.0146928532698662,1.1499575670156432,0.13526471374577695,0.0
764,-0.6264344829759056,0.5781383757719861,0.15755649860960197,1.0470163601382898
765,0.15402809869734202,0.9906997920625373,0.12772340107404762,0.7089482922911478
766,0.5446196959566113,0.9222726025874389,0.1928236985037291,0.18482920812709844
767,0.7920439387522805,1.011328130903654,0.16299060096817475,0.05629359118319867
768,-0.6390081141368675,0.196185974458801,0.018483298207164493,0.816710790388504
769,0.7542821012898225,1.044931884775073,0.15334207798328892,0.13730770550196156
770,0.547658912288042,0.8424218329656621,0.15755649860960197,0.13720642206801817
771,-0.41904153246875375,0.6197272066055828,0.17141944222080088,0.8673492968535357
772,1.0957633046239033,1.1360946234044444,0.04033131878054111,0.0
773,-0.10399794011216679,0.7390595967478002,0.1415863446852465,0.7014711921747204
774,-0.11095744326928147,0.6399117811562511,0.17352665253395738,0.5773425718915752
775,1.2167591407888287,1.29657208008981,0.07981293930098131,0.0
776,0.5287650807990361,0.9831584793908078,0.11175324714969218,0.3426401514420796
777,1.1728283954401737,1.2688461928674124,0.06805720600293892,0.027960591424299762
778,0.7890098365270906,0.9533253818552535,0.06805720600293892,0.09625833932522401
779,0.43519935994104525,0.7764340069550841,0.09999751385164979,0.2412371331623891
780,-1.136281953122332,0.3890475032833259,0.09789030353849328,1.4274391528671646
781,1.1722268106743479,1.2469981722940355,0.052087052078583496,0.022684309541104338
782,1.0662818603485855,1.2390130953318579,0.052087052078583496,0.12064418290468898
783,0.6503787247471358,0.9890363460398293,0.11175324714969218,0.22690437414300135
784,0.979323558257427,1.1222316797932452,0.12350898044773455,0.01939914108808372
785,-1.2715175098579807,1.1696983772758633,0.1533420779832889,2.2878738091505553
786,0.6699052690418661,0.809261843384691,0.13737192405893345,0.0019846502838914014
787,0.17431521237588177,0.937798992221346,0.16720502159448777,0.5962787582509764
788,0.9374930515265355,1.1696983772758631,0.13737192405893345,0.09483340169039416
789,0.8063567031947356,1.1457431463893304,0.1256161907608911,0.21377025243370373
790,-0.10441457714759927,0.544534621900567,0.17352665253395738,0.4754225465142089
791,-2.1426192939692643,0.6293757295904688,0.17141944222080086,2.600575581338932
792,0.9773859461065789,1.2213794953847943,0.10753882652337912,0.13645472275483617
793,0.452687155890982,0.7945113711925955,0.12772340107404762,0.21410081422756594
794,1.1343743627606844,1.2747240595164333,0.10753882652337912,0.03281087023236976
795,0.540239847668205,0.733625494389227,0.1415863446852465,0.05179930203577555
796,-0.16647907480125224,0.7172115761744235,0.14158634468524653,0.7421043062904292
797,-0.25827495904133,0.742830253083665,0.1991453294431987,0.8019598826817963
798,-0.3408411722206873,0.5264572576630551,0.1655415755717797,0.7017568543119627
799,0.7231272731442404,0.9180581819611261,0.19493090881688563,0.0
