0,1.351223271729098,1.3849845091701984,0.03376123744110039,0.0
1,1.351223271729098,1.3849845091701984,0.03376123744110039,0.0
2,1.3838863605101264,1.408247525366312,0.024361164856185683,0.0
3,1.3838863605101264,1.408247525366312,0.024361164856185683,0.0
4,1.3838863605101264,1.408247525366312,0.024361164856185683,0.0
5,1.3838863605101264,1.408247525366312,0.024361164856185683,0.0
6,1.3838863605101264,1.408247525366312,0.024361164856185683,0.0
7,1.3838863605101264,1.408247525366312,0.024361164856185683,0.0
8,1.3838863605101264,1.408247525366312,0.024361164856185683,0.0
9,1.3838863605101264,1.408247525366312,0.024361164856185683,0.0
10,1.3603861790478398,1.3941474164889402,0.03376123744110039,0.0
11,1.3465232354366408,1.3802844728777413,0.03376123744110039,0.0
12,1.3838863605101264,1.408247525366312,0.024361164856185683,0.0
13,1.3465232354366408,1.3802844728777413,0.03376123744110039,0.0
14,1.3838863605101264,1.408247525366312,0.024361164856185683,0.0
15,1.3838863605101264,1.408247525366312,0.024361164856185683,0.0
16,1.3838863605101264,1.408247525366312,0.024361164856185683,0.0
17,1.3465232354366408,1.3802844728777413,0.03376123744110039,0.0
18,1.3700234168989276,1.3943845817551133,0.024361164856185683,0.0
19,1.379186324217669,1.4035474890738546,0.024361164856185683,0.0
20,1.3465232354366408,1.3802844728777413,0.03376123744110039,0.0
21,1.3838863605101264,1.408247525366312,0.024361164856185683,0.0
22,1.3838863605101264,1.408247525366312,0.024361164856185683,0.0
23,1.3838863605101264,1.408247525366312,0.024361164856185683,0.0
24,1.3838863605101264,1.408247525366312,0.024361164856185683,0.0
25,1.3465232354366408,1.3802844728777413,0.03376123744110039,0.0
26,1.3838863605101264,1.408247525366312,0.024361164856185683,0.0
27,1.3838863605101264,1.408247525366312,0.024361164856185683,0.0
28,1.3838863605101264,1.408247525366312,0.024361164856185683,0.0
29,1.3838863605101264,1.408247525366312,0.024361164856185683,0.0
30,1.3838863605101264,1.408247525366312,0.024361164856185683,0.0
31,1.3838863605101264,1.408247525366312,0.024361164856185683,0.0
32,1.3838863605101264,1.408247525366312,0.024361164856185683,0.0
33,1.3838863605101264,1.408247525366312,0.024361164856185683,0.0
34,1.3838863605101264,1.408247525366312,0.024361164856185683,0.0
35,1.3838863605101264,1.408247525366312,0.024361164856185683,0.0
36,1.3465232354366408,1.3802844728777413,0.03376123744110039,0.0
37,1.3838863605101264,1.408247525366312,0.024361164856185683,0.0
38,1.3838863605101264,1.408247525366312,0.024361164856185683,0.0
39,1.3465232354366408,1.3802844728777413,0.03376123744110039,0.0
40,1.3838863605101264,1.408247525366312,0.024361164856185683,0.0
41,1.3838863605101264,1.408247525366312,0.024361164856185683,0.0
42,1.3838863605101264,1.408247525366312,0.024361164856185683,0.0
43,1.3838863605101264,1.408247525366312,0.024361164856185683,0.0
44,1.365086215340297,1.3988474527813974,0.03376123744110039,0.0
45,1.3402323690671352,1.3849845091701984,0.03376123744110039,0.010990902661962851
46,1.3838863605101264,1.408247525366312,0.024361164856185683,0.0
47,1.379186324217669,1.4035474890738546,0.024361164856185683,0.0
48,1.3838863605101264,1.408247525366312,0.024361164856185683,0.0
49,1.3838863605101264,1.408247525366312,0.024361164856185683,0.0
50,1.3838863605101264,1.408247525366312,0.024361164856185683,0.0
51,1.3054087351353905,1.357495787213974,0.052087052078583496,0.0
52,1.3838863605101264,1.408247525366312,0.024361164856185683,0.0
53,1.3838863605101264,1.408247525366312,0.024361164856185683,0.0
54,1.3838863605101264,1.408247525366312,0.024361164856185683,0.0
55,1.379186324217669,1.4035474890738546,0.024361164856185683,0.0
56,1.3838863605101264,1.408247525366312,0.024361164856185683,0.0
57,1.3838863605101264,1.408247525366312,0.024361164856185683,0.0
58,1.379186324217669,1.4035474890738546,0.024361164856185683,0.0
59,1.3838863605101264,1.408247525366312,0.024361164856185683,0.0
60,1.3838863605101264,1.408247525366312,0.024361164856185683,0.0
61,1.3838863605101264,1.408247525366312,0.024361164856185683,0.0
62,1.3838863605101264,1.408247525366312,0.024361164856185683,0.0
63,1.365086215340297,1.3988474527813974,0.03376123744110039,0.0
64,1.3603861790478398,1.3941474164889402,0.03376123744110039,0.0
65,1.3838863605101264,1.408247525366312,0.024361164856185683,0.0
66,1.3603861790478398,1.3941474164889402,0.03376123744110039,0.0
67,1.3838863605101264,1.408247525366312,0.024361164856185683,0.0
68,1.365086215340297,1.3988474527813974,0.03376123744110039,0.0
69,1.3838863605101264,1.408247525366312,0.024361164856185683,0.0
70,1.3603861790478398,1.3941474164889402,0.03376123744110039,0.0
71,1.3838863605101264,1.408247525366312,0.024361164856185683,0.0
72,1.3838863605101264,1.408247525366312,0.024361164856185683,0.0
73,1.3465232354366408,1.3802844728777413,0.03376123744110039,0.0
74,1.3420603644103566,1.375821601851457,0.03376123744110039,0.0
75,1.3838863605101264,1.408247525366312,0.024361164856185683,0.0
76,1.379186324217669,1.4035474890738546,0.024361164856185683,0.0
77,1.3838863605101264,1.408247525366312,0.024361164856185683,0.0
78,1.3838863605101264,1.408247525366312,0.024361164856185683,0.0
79,1.3838863605101264,1.408247525366312,0.024361164856185683,0.0
80,1.3838863605101264,1.408247525366312,0.024361164856185683,0.0
81,1.3838863605101264,1.408247525366312,0.024361164856185683,0.0
82,1.3838863605101264,1.408247525366312,0.024361164856185683,0.0
83,1.3838863605101264,1.408247525366312,0.024361164856185683,0.0
84,1.3838863605101264,1.408247525366312,0.024361164856185683,0.0
85,1.3603861790478398,1.3941474164889402,0.03376123744110039,0.0
86,1.3742773667051391,1.4035474890738546,0.024361164856185683,0.004908957512529896
87,1.3465232354366408,1.3802844728777413,0.03376123744110039,0.0
88,1.3603861790478398,1.3941474164889402,0.03376123744110039,0.0
89,1.3838863605101264,1.408247525366312,0.024361164856185683,0.0
90,1.3838863605101264,1.408247525366312,0.024361164856185683,0.0
91,0.9227200506478637,1.3297698999915764,0.07981293930098131,0.3272369100427314
92,1.3838863605101264,1.408247525366312,0.024361164856185683,0.0
93,1.3838863605101264,1.408247525366312,0.024361164856185683,0.0
94,1.3838863605101264,1.408247525366312,0.024361164856185683,0.0
95,1.3089722144590568,1.375821601851457,0.03376123744110039,0.033088149951299904
96,1.3603861790478398,1.3941474164889402,0.03376123744110039,0.0
97,1.3838863605101264,1.408247525366312,0.024361164856185683,0.0
98,1.3838863605101264,1.408247525366312,0.024361164856185683,0.0
99,1.3838863605101264,1.408247525366312,0.024361164856185683,0.0
100,1.3838863605101264,1.408247525366312,0.024361164856185683,0.0
101,1.3838863605101264,1.408247525366312,0.024361164856185683,0.0
102,1.3838863605101264,1.408247525366312,0.024361164856185683,0.0
103,1.3838863605101264,1.408247525366312,0.024361164856185683,0.0
104,1.3838863605101264,1.408247525366312,0.024361164856185683,0.0
105,0.9921986634973623,1.3351640307977555,0.048722329712371365,0.2942430375880218
106,1.3838863605101264,1.408247525366312,0.024361164856185683,0.0
107,1.3838863605101264,1.408247525366312,0.024361164856185683,0.0
108,1.3838863605101264,1.408247525366312,0.024361164856185683,0.0
109,1.3838863605101264,1.408247525366312,0.024361164856185683,0.0
110,1.3838863605101264,1.408247525366312,0.024361164856185683,0.0
111,1.3838863605101264,1.408247525366312,0.024361164856185683,0.0
112,1.3838863605101264,1.408247525366312,0.024361164856185683,0.0
113,1.3838863605101264,1.408247525366312,0.024361164856185683,0.0
114,1.3838863605101264,1.408247525366312,0.024361164856185683,0.0
115,1.3603861790478398,1.3941474164889402,0.03376123744110039,0.0
116,1.379186324217669,1.4035474890738546,0.024361164856185683,0.0
117,1.3838863605101264,1.408247525366312,0.024361164856185683,0.0
118,1.3885863968025838,1.4129475616587694,0.024361164856185683,0.0
119,1.3838863605101264,1.408247525366312,0.024361164856185683,0.0
120,1.3190345134804164,1.3711215655589999,0.052087052078583496,0.0
121,1.3885863968025838,1.4129475616587694,0.024361164856185683,0.0
122,1.3838863605101264,1.408247525366312,0.024361164856185683,0.0
123,1.3838863605101264,1.408247525366312,0.024361164856185683,0.0
124,1.3838863605101264,1.408247525366312,0.024361164856185683,0.0
125,1.3838863605101264,1.408247525366312,0.024361164856185683,0.0
126,1.3838863605101264,1.408247525366312,0.024361164856185683,0.0
127,1.3465232354366408,1.3802844728777413,0.03376123744110039,0.0
128,1.3838863605101264,1.408247525366312,0.024361164856185683,0.0
129,1.3838863605101264,1.408247525366312,0.024361164856185683,0.0
130,1.365086215340297,1.3988474527813974,0.03376123744110039,0.0
131,1.3838863605101264,1.408247525366312,0.024361164856185683,0.0
132,1.3838863605101264,1.408247525366312,0.024361164856185683,0.0
133,1.3838863605101264,1.408247525366312,0.024361164856185683,0.0
134,1.3838863605101264,1.408247525366312,0.024361164856185683,0.0
135,1.3838863605101264,1.408247525366312,0.024361164856185683,0.0
136,1.3838863605101264,1.408247525366312,0.024361164856185683,0.0
137,1.3838863605101264,1.408247525366312,0.024361164856185683,0.0
138,1.120536973788123,1.3389328073103177,0.052087052078583496,0.1663087814436112
139,1.3465232354366408,1.3802844728777413,0.03376123744110039,0.0
140,1.3838863605101264,1.408247525366312,0.024361164856185683,0.0
141,1.3838863605101264,1.408247525366312,0.024361164856185683,0.0
142,1.3838863605101264,1.408247525366312,0.024361164856185683,0.0
143,1.2763475339867478,1.3284345860653313,0.052087052078583496,0.0
144,1.3465232354366408,1.3802844728777413,0.03376123744110039,0.0
145,1.379186324217669,1.4035474890738546,0.024361164856185683,0.0
146,1.3465232354366408,1.3802844728777413,0.03376123744110039,0.0
147,1.3838863605101264,1.408247525366312,0.024361164856185683,0.0
148,1.3838863605101264,1.408247525366312,0.024361164856185683,0.0
149,1.3838863605101264,1.408247525366312,0.024361164856185683,0.0
150,1.365086215340297,1.3988474527813974,0.03376123744110039,0.0
151,1.3838863605101264,1.408247525366312,0.024361164856185683,0.0
152,1.3838863605101264,1.408247525366312,0.024361164856185683,0.0
153,1.3465232354366408,1.3802844728777413,0.03376123744110039,0.0
154,1.3838863605101264,1.408247525366312,0.024361164856185683,0.0
155,1.3838863605101264,1.408247525366312,0.024361164856185683,0.0
156,1.3465232354366408,1.3802844728777413,0.03376123744110039,0.0
157,1.3838863605101264,1.408247525366312,0.024361164856185683,0.0
158,1.3838863605101264,1.408247525366312,0.024361164856185683,0.0
159,1.3838863605101264,1.408247525366312,0.024361164856185683,0.0
160,1.3838863605101264,1.408247525366312,0.024361164856185683,0.0
161,1.3838863605101264,1.408247525366312,0.024361164856185683,0.0
162,1.3838863605101264,1.408247525366312,0.024361164856185683,0.0
163,1.3838863605101264,1.408247525366312,0.024361164856185683,0.0
164,1.3838863605101264,1.408247525366312,0.024361164856185683,0.0
165,1.3838863605101264,1.408247525366312,0.024361164856185683,0.0
166,1.3838863605101264,1.408247525366312,0.024361164856185683,0.0
167,1.3885863968025838,1.4129475616587694,0.024361164856185683,0.0
168,1.3465232354366408,1.3802844728777413,0.03376123744110039,0.0
169,1.3603861790478398,1.3941474164889402,0.03376123744110039,0.0
170,1.3885863968025838,1.4129475616587694,0.024361164856185683,0.0
171,1.3838863605101264,1.408247525366312,0.024361164856185683,0.0
172,1.3838863605101264,1.408247525366312,0.024361164856185683,0.0
173,1.3838863605101264,1.408247525366312,0.024361164856185683,0.0
174,1.3838863605101264,1.408247525366312,0.024361164856185683,0.0
175,1.3838863605101264,1.408247525366312,0.024361164856185683,0.0
176,1.3465232354366408,1.3802844728777413,0.03376123744110039,0.0
177,1.379186324217669,1.4035474890738546,0.024361164856185683,0.0
178,1.3838863605101264,1.408247525366312,0.024361164856185683,0.0
179,1.3838863605101264,1.408247525366312,0.024361164856185683,0.0
180,1.3838863605101264,1.408247525366312,0.024361164856185683,0.0
181,1.3838863605101264,1.408247525366312,0.024361164856185683,0.0
182,1.379186324217669,1.4035474890738546,0.024361164856185683,0.0
183,1.365086215340297,1.3988474527813974,0.03376123744110039,0.0
184,1.3838863605101264,1.408247525366312,0.024361164856185683,0.0
185,1.3838863605101264,1.408247525366312,0.024361164856185683,0.0
186,1.3838863605101264,1.408247525366312,0.024361164856185683,0.0
187,1.3838863605101264,1.408247525366312,0.024361164856185683,0.0
188,1.3838863605101264,1.408247525366312,0.024361164856185683,0.0
189,1.3838863605101264,1.408247525366312,0.024361164856185683,0.0
190,1.3838863605101264,1.408247525366312,0.024361164856185683,0.0
191,1.3838863605101264,1.408247525366312,0.024361164856185683,0.0
192,1.3838863605101264,1.408247525366312,0.024361164856185683,0.0
193,1.3603861790478398,1.3941474164889402,0.03376123744110039,0.0
194,1.3838863605101264,1.408247525366312,0.024361164856185683,0.0
195,1.365086215340297,1.3988474527813974,0.03376123744110039,0.0
196,1.379186324217669,1.4035474890738546,0.024361164856185683,0.0
197,1.3838863605101264,1.408247525366312,0.024361164856185683,0.0
198,1.3838863605101264,1.408247525366312,0.024361164856185683,0.0
199,1.3420603644103566,1.375821601851457,0.03376123744110039,0.0
200,0.0629893274699207,0.20619564838717303,0.14320632091725233,0.0
201,0.9333564516354104,1.1882326707609239,0.11020945437586956,0.14466676474964393
202,1.2597075586433628,1.3339956057516875,0.07088719724841291,0.003400849859911929
203,0.15747331867480172,0.3359430798395769,0.17846976116477517,0.0
204,0.8435610172032132,1.154014504072275,0.20904230282805566,0.101411184041006
205,0.41044500395086,0.6950351620962878,0.19825404121569756,0.08633611692973026
206,1.2144457531464299,1.361721492974085,0.07088719724841291,0.07638854257924241
207,1.184867948394712,1.3018068475030058,0.11693889910829382,0.0
208,0.8181857380333448,1.1124256732386781,0.20904230282805566,0.08519763237727762
209,0.7936696242274017,1.2094662785170704,0.20011656077548726,0.2156800935141814
210,1.171242170049686,1.2787809965730652,0.10753882652337912,0.0
211,1.2356196865470501,1.3248326984329462,0.089213011885896,0.0
212,1.0742015647712937,1.2371921657394684,0.16299060096817475,0.0
213,1.2522727158538771,1.3339956057516875,0.07088719724841291,0.01083569264939761
214,0.2984814777207411,0.5900529496464203,0.17052815399329976,0.12104331793237941
215,0.7296447085975002,1.2233292221282694,0.20011656077548726,0.2935679527552819
216,0.9649956444605637,1.2141663148095279,0.16299060096817475,0.08618006938078933
217,0.0,0.0,0.0,0.0
218,0.8146215391583785,1.24635507305821,0.19071648819057255,0.241017045709259
219,1.217293871909567,1.306506883795463,0.089213011885896,0.0
220,0.8471651402335305,1.1493144677798175,0.21844237541297037,0.08370695213331654
221,0.6634002140193973,1.0069162551552657,0.21171293068054609,0.1318031104553223
222,0.8678415498323453,1.2557551456431246,0.13526471374577695,0.2526488820650023
223,0.9484120995398478,1.218629185835812,0.17239067355308943,0.09782641274287487
224,0.657158689079382,1.20679565066458,0.17506130140557988,0.3745756601796181
225,1.3382448201997519,1.3802844728777413,0.03376123744110039,0.00827841523688884
226,0.9340863367626613,1.2787809965730652,0.14466478633069163,0.20002987347971235
227,0.8446718501567672,1.2280292584207269,0.19071648819057255,0.19264092007338715
228,0.1861360737920911,0.34644130108456367,0.1574733186748016,0.0028319086176709658
229,1.171005004783513,1.2879439038918068,0.11693889910829382,0.0
230,0.39004788991326406,0.5593663942041605,0.14320632091725233,0.02611218337364407
231,0.5107736277975526,0.6429481100177041,0.10794288066972951,0.024231601550421922
232,-0.3671577558144794,0.19946620365474874,0.1574733186748016,0.40915064079442653
233,0.26331528867218446,0.5169694550778632,0.2129250931195973,0.04072907328608145
234,0.637360314021935,0.7647539342986327,0.10753882652337912,0.019854793753318535
235,0.17133626228600063,0.3565354681832001,0.18519920589719946,0.0
236,0.257469328276365,0.5555976176915981,0.17093220813965015,0.12719608127558296
237,0.6516185478449041,0.8533257267720054,0.17499102501958397,0.026716153907517217
238,0.6344792972126845,0.7978739523272096,0.16339465511452514,0.0
239,1.126903225646917,1.2879439038918068,0.14466478633069163,0.016375891914198377
240,0.49076454654879537,1.01591227359383,0.16299060096817475,0.36215712607685985
241,1.042527058046067,1.2649180529618662,0.16299060096817475,0.05940039394762435
242,0.521194424741123,0.7786168779098316,0.10753882652337912,0.14988362664532948
243,-0.024975877500519494,0.27295375236965624,0.19946620365474874,0.098463426215427
244,0.9731930264421418,1.2510551093506672,0.16299060096817475,0.11487148194035068
245,1.2631084085032747,1.3339956057516875,0.07088719724841291,0.0
246,0.7160316045862616,0.9067480927768341,0.19071648819057255,0.0
247,1.1989680572720838,1.306506883795463,0.10753882652337912,0.0
248,1.171005004783513,1.2879439038918068,0.11693889910829382,0.0
249,1.104287481325127,1.2649180529618662,0.13526471374577695,0.02536585789096203
250,0.11548043369485464,0.27295375236965624,0.1574733186748016,0.0
251,0.8868988473936169,1.2141663148095279,0.19071648819057255,0.13655097922533843
252,1.2631084085032747,1.3339956057516875,0.07088719724841291,0.0
253,0.030778074468327032,0.8191604351845547,0.2210427268794649,0.5673396338367628
254,0.6709832019885147,0.8814556681407535,0.13526471374577695,0.07520775240646184
255,0.5177775633705639,0.6118575004290945,0.09407993705853061,0.0
256,0.6710992227630692,1.0829604179436847,0.1900223936768509,0.22183880150376453
257,1.1019274519936915,1.2649180529618662,0.16299060096817475,0.0
258,-0.41040212124186204,0.2935461407132795,0.17470098465221265,0.5292472773029289
259,1.0742015647712937,1.2371921657394684,0.16299060096817475,0.0
260,0.8754739382332586,1.2280292584207269,0.16299060096817475,0.18956471921929352
261,0.20710828634096584,0.4056618520419217,0.18519920589719946,0.013354359803756363
262,0.29930558507539634,0.5106440644917892,0.16420276340722587,0.04713571600916703
263,1.2739334847591197,1.3525585856553437,0.07088719724841291,0.00773790364781106
264,0.9238176589705845,1.1817403912946727,0.19071648819057255,0.06720624413351564
265,0.2753678407465129,0.48251412312304104,0.18519920589719946,0.021947076479328698
266,1.2447825938657913,1.3062697185292895,0.061487124663498205,0.0
267,0.4918390710372865,0.7193963269524732,0.14953171150332623,0.07802554441186049
268,0.3753968995934005,0.5769981143279218,0.10121343593730524,0.10038777879721604
269,1.272271315822016,1.3431585130704289,0.07088719724841291,0.0
270,1.0054140523488433,1.120086377750997,0.11467232540215376,0.0
271,1.272271315822016,1.3431585130704289,0.07088719724841291,0.0
272,0.35868220221607183,0.524507008102988,0.16420276340722587,0.0016220424796903553
273,0.26245553112466935,0.4199288497994709,0.1574733186748016,0.0
274,1.0925273794087769,1.2649180529618662,0.17239067355308943,0.0
275,0.7986886832950534,1.112425673238678,0.21844237541297037,0.0952946145306541
276,0.7726298244202665,1.1401515604610757,0.24616826263536817,0.12135347340544098
277,0.052491106224933914,0.19569742714218624,0.14320632091725233,0.0
278,0.4279911898478898,0.583727559060346,0.12220987842727879,0.033526490785177374
279,0.9243400884787676,1.18644042758713,0.19071648819057255,0.07138385091779004
280,0.9696300890949743,1.2094662785170704,0.15359052838326004,0.0862456610388363
281,0.10498221244986788,0.29018141834706734,0.18519920589719946,0.0
282,0.9139474464183973,1.2094662785170704,0.16299060096817475,0.13252823113049841
283,1.23561968654705,1.2971068112105482,0.061487124663498205,0.0
284,1.2631084085032747,1.3339956057516875,0.07088719724841291,0.0
285,1.077652829777618,1.2649180529618662,0.13526471374577695,0.05200050943847121
286,0.8167065062590555,1.0708368424050811,0.2367681900504535,0.017362146095572142
287,0.9656457091283401,1.1956033349058717,0.18131641560565787,0.048641210171873575
288,0.35779409855367866,0.5455034505929616,0.14320632091725233,0.04450303112203056
289,1.2569216768733655,1.3339956057516875,0.07088719724841291,0.0061867316299092255
290,-1.1009208480034793,0.0,0.0,1.1009208480034793
291,0.2604333843211531,0.47914940075682894,0.18519920589719946,0.03351681053847638
292,0.41382793553897107,0.5593663942041605,0.14320632091725233,0.0023321377479370575
293,0.9361111837754341,1.1678774476834737,0.19071648819057255,0.04104977571746708
294,1.2081309645908251,1.3156697911142043,0.10753882652337912,0.0
295,1.1804050773684276,1.2879439038918068,0.10753882652337912,0.0
296,1.0878273431163192,1.204766242224613,0.11693889910829385,0.0
297,0.08398576995989426,0.22046264614472233,0.13647687618482807,0.0
298,0.5359260791742806,0.6395833876514919,0.07308349456855705,0.03057381390865437
299,1.03389258333752,1.2649180529618662,0.16299060096817475,0.06803486865617141
300,0.876724210405874,1.1215885805574195,0.22784244799788506,0.017021922153660354
301,-0.4283545085116538,0.32544485859459016,0.11548043369485451,0.6383189334113895
302,1.1296533392160892,1.2649180529618662,0.13526471374577695,0.0
303,0.7163952773222874,0.9923592170303449,0.19071648819057255,0.08524745151748507
304,0.660545796872907,0.8709574468957668,0.16299060096817475,0.04742104905468507
305,0.3557960687316646,0.790740453448435,0.20944635697440603,0.22549802774236435
306,0.8339956364731196,1.158714540364732,0.21844237541297037,0.10627652847864216
307,1.0796576382368126,1.218629185835812,0.10753882652337911,0.031432721075620236
308,1.0645643269202056,1.2092291132508972,0.14466478633069163,0.0
309,0.8990284026605287,1.1631774113910163,0.22784244799788506,0.03630656073260244
310,0.03149466373496031,0.12597865493984128,0.09448399120488098,0.0
311,1.137397064577365,1.2879439038918068,0.14466478633069163,0.005882052983750183
312,1.1942680209796266,1.2740809602806078,0.07981293930098131,0.0
313,0.8483239738175732,1.1030256006537633,0.1813164156056578,0.07338521123053238
314,1.0368555834208162,1.2740809602806078,0.14466478633069163,0.09256059052910004
315,0.42353304433763594,0.6080887239165318,0.12893932315970305,0.05561635641919285
316,0.0791114425802216,0.4510194593880808,0.18519920589719946,0.18670881091065974
317,1.1989680572720838,1.306506883795463,0.10753882652337912,0.0
318,0.8113010032940118,1.1540145040722747,0.20904230282805566,0.13367119795020727
319,1.1940308557134531,1.310969754821747,0.11693889910829382,0.0
320,1.2199670950710124,1.3478585493628865,0.07088719724841291,0.0570042570434613
321,-1.8368434845162418,0.0,0.0,1.8368434845162418
322,1.2631084085032747,1.3339956057516875,0.07088719724841291,0.0
323,1.272271315822016,1.3431585130704289,0.07088719724841291,0.0
324,1.1550147828565838,1.3248326984329462,0.08921301188589602,0.08060490369046645
325,1.2782090436267608,1.3570214566816277,0.07088719724841291,0.00792521580645403
326,0.6867975480318216,1.1678774476834737,0.20904230282805566,0.27203759682359646
327,0.9455842735275841,1.2418922020319259,0.16299060096817475,0.13331732753616696
328,1.2631084085032747,1.3339956057516875,0.07088719724841291,0.0
329,0.41219993016904344,0.5526369494717361,0.10121343593730524,0.03922358336538742
330,0.04974805202249619,0.20996442489973555,0.1574733186748016,0.0027430542024377475
331,0.08303774411824431,0.3359430798395769,0.1574733186748016,0.09543201704653097
332,0.8682623097671562,1.0925273794087764,0.19071648819057255,0.033548581451047624
333,0.7264106292684516,1.2094662785170704,0.14912765735697586,0.33392799189164313
334,1.1942680209796266,1.3018068475030058,0.10753882652337912,0.0
335,1.272271315822016,1.3431585130704289,0.07088719724841291,0.0
336,-0.02387927809611149,0.020996442489973552,0.020996442489973552,0.02387927809611149
337,0.11548043369485461,0.32167608208202764,0.20619564838717303,0.0
338,0.6815989005093768,0.8743221692619789,0.1745869708732336,0.018136297879368598
339,0.8966078803238171,1.1540145040722747,0.19071648819057255,0.06669013555788503
340,1.3059683014749728,1.375584436585284,0.04316131002601511,0.0264548250842961
341,1.184867948394712,1.3018068475030058,0.11693889910829382,0.0
342,1.034902438294095,1.2787809965730652,0.13526471374577695,0.10861384453319317
343,1.1989680572720838,1.306506883795463,0.10753882652337912,0.0
344,0.7516776359701962,1.1817403912946727,0.20011656077548726,0.22994619454898926
345,0.9199741461386527,1.2280292584207269,0.19071648819057255,0.11733862409150164
346,0.3454665070570902,0.524507008102988,0.16420276340722587,0.014837737638671956
347,0.6330076147835683,1.0742015647712932,0.21171293068054609,0.22948101930717887
348,0.7539825325470519,0.8953186117519525,0.13526471374577692,0.006071365459123527
349,-2.3590542811533926,0.0,0.0,2.3590542811533926
350,0.12468939371003351,0.31494663734960343,0.1574733186748016,0.03278392496476832
351,1.1416509005976292,1.2879439038918068,0.11693889910829382,0.02935410418588376
352,0.22597835010776532,0.46865117951184215,0.16420276340722587,0.07847006599685094
353,1.1060450329968248,1.2740809602806078,0.14466478633069163,0.023371140953091372
354,0.5803709643140603,0.7924798215210305,0.10753882652337912,0.1045700306835911
355,0.6861776564635478,0.8953186117519523,0.18131641560565787,0.02782453968274655
356,1.129084609981039,1.2832438675993492,0.1263389716932085,0.027820285925101707
357,0.5855864623591751,0.7924798215210305,0.1562611562357505,0.05063220292610486
358,1.143565499824369,1.2971068112105482,0.1263389716932085,0.027202339692970895
359,1.300363632245301,1.375584436585284,0.04316131002601511,0.03205949431396807
360,1.272271315822016,1.3431585130704289,0.07088719724841291,0.0
361,1.0829301087361263,1.2510551093506672,0.16299060096817475,0.005134399646366262
362,0.6974994413876514,1.2003033711983289,0.16299060096817475,0.33981332884250265
363,0.05249110622493389,0.17846976116477517,0.12597865493984128,0.0
364,0.7172711325310583,0.858429817210813,0.13526471374577695,0.00589397093397768
365,-0.03817455978069695,0.05249110622493389,0.03149466373496033,0.05917100227067051
366,0.8708457349355725,1.2233292221282694,0.18131641560565787,0.17116707158703906
367,0.048328046077035,0.4930123443680279,0.17806570701842478,0.2666185912725681
368,0.041210311056406775,0.1574733186748016,0.11548043369485451,0.0007825739235403155
369,0.4300230168981069,0.5732293378153592,0.14320632091725233,0.0
370,1.2631084085032747,1.3339956057516875,0.07088719724841291,0.0
371,1.1989680572720838,1.306506883795463,0.10753882652337912,0.0
372,0.9630554381757965,1.2094662785170704,0.16299060096817475,0.08342023937309916
373,0.263632633374071,0.5278717304692002,0.16420276340722587,0.10003633368790338
374,0.4567814242276244,0.6324498887727174,0.12893932315970305,0.046729141385389916
375,0.7362340596392192,0.9599332935154896,0.16299060096817475,0.060708632908095694
376,0.14858699371126688,0.4648824029992797,0.18519920589719946,0.13109620339081335
377,0.6686402037678137,0.8570945032845677,0.1839870434581483,0.004467256058605651
378,1.2309196502545925,1.3201326621404885,0.08921301188589602,0.0
379,0.26918497585709344,0.4543841817542929,0.18519920589719946,0.0
380,0.5994387797960979,0.8029780427660173,0.16299060096817475,0.04054866200174458
381,0.6620584456034839,0.9192757224617878,0.2023128580956314,0.0549044187626725
382,1.2580113196412515,1.3339956057516875,0.07088719724841291,0.005097088862023308
383,0.7725627532471782,1.2094662785170704,0.20011656077548726,0.23678696449440495
384,0.2853867527542619,0.4720159018780543,0.18519920589719946,0.0014299432265929683
385,0.9139023918588914,1.2233292221282694,0.15359052838326004,0.1558363018861181
386,1.0889175660016002,1.2696180892543236,0.16299060096817475,0.017709922284548655
387,0.2598236347943352,0.6383712252124413,0.17766165287207442,0.20088593754603168
388,1.1667792990234018,1.2649180529618662,0.09813875393846441,0.0
389,1.1229365979275534,1.2879439038918068,0.14466478633069163,0.020342519633561724
390,-0.22690053425928317,0.35653546818320003,0.16420276340722587,0.41923323903525733
391,1.1019274519936915,1.2649180529618662,0.16299060096817475,0.0
392,1.1019274519936915,1.2649180529618662,0.16299060096817475,0.0
393,0.06298932746992073,0.22046264614472233,0.1574733186748016,0.0
394,0.04199288497994709,0.1574733186748016,0.11548043369485451,0.0
395,0.2552805627259944,0.5383699517141869,0.16420276340722587,0.11888662558096662
396,0.7370280470762349,0.8722927608220119,0.13526471374577695,0.0
397,-0.041177742955824104,0.9334287064403582,0.20498348594812185,0.7696229634480605
398,0.6343396456388045,1.0268145489851672,0.18131641560565787,0.21115848774070475
399,0.14609793627753528,0.31494663734960343,0.1574733186748016,0.011375382397266544
400,1.0941644186294115,1.3990846180475704,0.052087052078583496,0.25283314733957557
401,1.3599933572214404,1.408247525366312,0.024361164856185683,0.02389300328868583
402,0.8178404747261978,1.3087734575016028,0.07308349456855705,0.4178494882068479
403,0.5809410486210402,1.20679565066458,0.1562611562357505,0.46959344580778933
404,0.9210644154861067,1.2208957595419523,0.10080938179095486,0.19902196226489083
405,1.1603700498432667,1.375821601851457,0.07981293930098132,0.135638612707209
406,1.3838863605101264,1.408247525366312,0.024361164856185683,0.0
407,1.2638913096765532,1.3849845091701984,0.061487124663498205,0.05960607483014696
408,0.3649177344356065,1.2763475339867478,0.09367588291218022,0.8177539166389611
409,1.3054087351353905,1.357495787213974,0.052087052078583496,0.0
410,1.1941011320994492,1.2671846266680062,0.07308349456855705,0.0
411,0.9250270194717428,1.1191551179711023,0.11693889910829385,0.07718919939106576
412,1.1161536246370762,1.2557551456431248,0.10753882652337912,0.03206269448266936
413,1.3838863605101264,1.408247525366312,0.024361164856185683,0.0
414,1.3885863968025838,1.4129475616587694,0.024361164856185683,0.0
415,1.0292804546907117,1.2371921657394684,0.12586464116086224,0.0820470698878946
416,1.3373603281178994,1.3711215655589999,0.03376123744110039,0.0
417,-1.0608401806844052,1.0441653664497725,0.052087052078583496,2.0529184950555943
418,1.2450197591319652,1.3203698274066622,0.07535006827469712,0.0
419,1.0767969009776235,1.2117328522232107,0.07981293930098131,0.05512301194460595
420,1.1252737162345925,1.2094662785170704,0.07981293930098131,0.004379622981496791
421,1.3885863968025838,1.4129475616587694,0.024361164856185683,0.0
422,0.9334696890718696,1.3297698999915761,0.07981293930098131,0.31648727161872536
423,1.2311568155207657,1.292643940184264,0.061487124663498205,0.0
424,0.11292870641177088,0.9546623141965047,0.15666521038210085,0.6850683974026329
425,0.6653066694938532,1.152108247119502,0.024361164856185683,0.46244041276946324
426,1.3838863605101264,1.408247525366312,0.024361164856185683,0.0
427,0.9082015479681891,1.337597493384073,0.058122402297286074,0.3712735431185978
428,1.010366059813979,1.3561604732877288,0.07308349456855705,0.27271091890519294
429,1.3465232354366408,1.3802844728777413,0.03376123744110039,0.0
430,1.3697862516327541,1.4035474890738546,0.03376123744110039,0.0
431,1.2913086262580187,1.352795750921517,0.061487124663498205,0.0
432,1.0755648926519688,1.2381234255193634,0.07308349456855705,0.08947503829883767
433,1.3747234531913848,1.3990846180475704,0.024361164856185683,0.0
434,1.2544198317168793,1.3342327710178605,0.07981293930098131,0.0
435,1.3190345134804164,1.3711215655589999,0.052087052078583496,0.0
436,1.3885863968025838,1.4129475616587694,0.024361164856185683,0.0
437,0.9668681156916669,1.130584598995984,0.1124057516960137,0.051310731608303364
438,1.228996690922818,1.3386956420441447,0.089213011885896,0.020485939235430583
439,0.4178760710167798,0.7072818891220858,0.08735049232610635,0.20205532577919957
440,1.07720317917931,1.2381234255193634,0.07308349456855705,0.08783675177149636
441,0.9874321127462651,1.2600511277892317,0.05922055095735814,0.21339846408560834
442,1.1898051499533424,1.2696180892543236,0.07981293930098131,0.0
443,1.0202263746641358,1.2050034074907863,0.07981293930098131,0.10496409352566934
444,0.9469577940251546,1.1974658544656613,0.09407993705853061,0.15642812338197618
445,1.3885863968025838,1.4129475616587694,0.024361164856185683,0.0
446,1.1620792627309444,1.2696180892543236,0.10753882652337912,0.0
447,1.3838863605101264,1.408247525366312,0.024361164856185683,0.0
448,1.3885863968025838,1.4129475616587694,0.024361164856185683,0.0
449,1.3007086988429333,1.3527957509215167,0.052087052078583496,0.0
450,1.1806422426346006,1.278780996573065,0.09813875393846441,0.0
451,1.3465232354366408,1.3802844728777413,0.03376123744110039,0.0
452,1.3054087351353905,1.357495787213974,0.052087052078583496,0.0
453,0.9631804428115558,1.165039930950806,0.09407993705853061,0.10777955108071952
454,0.33957458820001984,1.1491475788996401,0.14953171150332623,0.6600412791962941
455,1.263582739035621,1.3250698636991192,0.061487124663498205,0.0
456,0.7207303185400171,1.0990899352610237,0.09407993705853061,0.28427967966247597
457,1.2692140351079735,1.3422975296765305,0.07308349456855705,0.0
458,1.360860509580186,1.3852216744363717,0.024361164856185683,0.0
459,1.360860509580186,1.3852216744363717,0.024361164856185683,0.0
460,1.2302162749936207,1.3943845817551133,0.052087052078583496,0.11208125468290916
461,1.3838863605101264,1.408247525366312,0.024361164856185683,0.0
462,0.9219386594970462,1.3317993084315431,0.07308349456855705,0.3367771543659399
463,1.2199516505925467,1.371358730825173,0.052087052078583496,0.0993200281540428
464,1.2591198680093365,1.3389328073103177,0.07981293930098131,0.0
465,0.5517584251738037,1.24862164676435,0.10080938179095486,0.5960538397995916
466,1.3192716787465895,1.371358730825173,0.052087052078583496,0.0
467,1.3700234168989276,1.3943845817551133,0.024361164856185683,0.0
468,1.328405898424444,1.3990846180475704,0.052087052078583496,0.018591667544542997
469,1.3885863968025838,1.4129475616587694,0.024361164856185683,0.0
470,1.2381234255193634,1.3179363648203446,0.07981293930098131,0.0
471,0.9967298010747994,1.2533216830568075,0.07308349456855705,0.18350838741345105
472,1.3098716061616746,1.361958658240258,0.052087052078583496,0.0
473,1.3885863968025838,1.4129475616587694,0.024361164856185683,0.0
474,0.9800541494584011,1.2671846266680062,0.10080938179095486,0.18632109541865036
475,0.504919460442794,1.1511769873396074,0.10348000964344531,0.542777517253368
476,0.6141338587367473,1.0541363820612148,0.13793534159826737,0.30206718172620023
477,0.7082471738666898,1.1847010595145344,0.10080938179095486,0.37564450385688986
478,0.8686235683839354,1.1907364097332371,0.07308349456855705,0.2490293467807447
479,1.3885863968025838,1.4129475616587694,0.024361164856185683,0.0
480,1.3885863968025838,1.4129475616587694,0.024361164856185683,0.0
481,1.3885863968025838,1.4129475616587694,0.024361164856185683,0.0
482,1.3885863968025838,1.4129475616587694,0.024361164856185683,0.0
483,0.5441010991984319,1.1536104499259245,0.10080938179095486,0.5086999689365379
484,0.9237354642882352,1.3074381435753577,0.07308349456855705,0.3106191847185656
485,1.3885863968025838,1.4129475616587694,0.024361164856185683,0.0
486,1.0752225105615358,1.3087734575016035,0.05922055095735814,0.1743303959827095
487,0.3119836074539699,0.9546623141965049,0.19825404121569762,0.44442466552683735
488,1.0802512136375793,1.3664215292665423,0.07981293930098131,0.2063573763279817
489,1.351223271729098,1.3849845091701984,0.03376123744110039,0.0
490,0.14406309303825438,1.047934142962335,0.10080938179095486,0.8030616681331257
491,1.3885863968025838,1.4129475616587694,0.024361164856185683,0.0
492,1.18522717631337,1.3436328436027751,0.07981293930098131,0.07859272798842387
493,1.2506777889649148,1.371358730825173,0.052087052078583496,0.0685938897816746
494,1.039956037489025,1.3389328073103177,0.089213011885896,0.20976375793539656
495,1.3469975659689875,1.399084618047571,0.052087052078583496,0.0
496,1.281047570279205,1.3331346223577885,0.052087052078583496,0.0
497,0.48755962769686795,1.0900939168224593,0.1562611562357505,0.4462731328898408
498,1.1989680572720838,1.306506883795463,0.10753882652337912,0.0
499,1.2172938719095667,1.3065068837954628,0.08921301188589602,0.0
500,1.2271508737420298,1.3096344408955016,0.08248356715347177,0.0
501,0.8490620556651174,1.3666586945327157,0.052087052078583496,0.46550958678901494
502,1.0028673655359195,1.1755381521957928,0.06971877220234492,0.10295201445752836
503,1.0492279906420432,1.3190345134804164,0.10080938179095486,0.1689971410474186
504,1.3422975296765298,1.3943845817551133,0.052087052078583496,0.0
505,1.2819085536731036,1.343395678336602,0.061487124663498205,0.0
506,1.1215313725869103,1.3297698999915764,0.10753882652337912,0.10069970088128692
507,1.3697862516327541,1.4035474890738546,0.03376123744110039,0.0
508,1.1580779206010443,1.232325240566834,0.07308349456855705,0.0011638253972325785
509,0.7750127708379702,1.2533216830568075,0.12853526901335266,0.3497736432054848
510,0.7264556942816369,1.0970605268210567,0.1285352690133527,0.24206956352606707
511,1.3007086988429333,1.3527957509215167,0.052087052078583496,0.0
512,1.2221654689080659,1.3018068475030058,0.0704128667160666,0.009228511878873358
513,1.3838863605101264,1.408247525366312,0.024361164856185683,0.0
514,1.3838863605101264,1.408247525366312,0.024361164856185683,0.0
515,1.3885863968025838,1.4129475616587694,0.024361164856185683,0.0
516,0.7961872334254638,1.262484590375549,0.11020945437586956,0.3560879025742157
517,1.1293124514465,1.325069863699119,0.052087052078583496,0.1436703601740355
518,1.268519940594251,1.3389328073103177,0.0704128667160666,0.0
519,0.6813764183015218,1.1420140800208656,0.09407993705853061,0.36655772466081316
520,1.3838863605101264,1.408247525366312,0.024361164856185683,0.0
521,1.3183912491730465,1.3990846180475704,0.052087052078583496,0.028606316795940546
522,1.3885863968025838,1.4129475616587694,0.024361164856185683,0.0
523,-0.24113825945774203,1.051298865328547,0.11844110191471627,1.173996022871573
524,1.3838863605101264,1.408247525366312,0.024361164856185683,0.0
525,0.9805880150496585,1.2879439038918068,0.10307595549709493,0.20427993334505323
526,1.3700234168989276,1.3943845817551133,0.024361164856185683,0.0
527,1.1171455304520366,1.2233292221282697,0.09813875393846441,0.008044937737768676
528,1.346997565968987,1.3990846180475704,0.052087052078583496,0.0
529,0.7930493092272037,1.2394587394456082,0.1285352690133527,0.3178741612050517
530,1.0784975469174005,1.2070328159307533,0.1285352690133527,0.0
531,0.98940564948614,1.132614007435951,0.052087052078583496,0.09112130587122758
532,1.0646713863116495,1.2902104775979466,0.09140930920604015,0.13412978208025683
533,1.3838863605101264,1.408247525366312,0.024361164856185683,0.0
534,1.1806422426346006,1.278780996573065,0.09813875393846441,0.0
535,1.3838863605101264,1.408247525366312,0.024361164856185683,0.0
536,1.3420603644103566,1.375821601851457,0.03376123744110039,0.0
537,1.3326602918254418,1.3664215292665423,0.03376123744110039,0.0
538,0.6146149125704874,1.1661380796108782,0.12853526901335266,0.42298789802703823
539,0.5618796198739426,1.1731046896094757,0.09407993705853061,0.5171451326770025
540,1.3838863605101264,1.408247525366312,0.024361164856185683,0.0
541,1.1941011320994492,1.2671846266680062,0.07308349456855705,0.0
542,1.365086215340297,1.3988474527813974,0.03376123744110039,0.0
543,1.2915457915241917,1.371358730825173,0.07981293930098131,0.0
544,0.1587461207293227,0.9546623141965047,0.15666521038210085,0.6392509830850811
545,1.3885863968025838,1.4129475616587694,0.024361164856185683,0.0
546,1.346997565968987,1.3990846180475704,0.052087052078583496,0.0
547,0.8615071572278419,1.1596458001446268,0.1562611562357505,0.14187748668103445
548,0.7967419404811444,1.3386956420441447,0.11693889910829382,0.42501480245470646
549,-1.1858275133269478,1.049963551402302,0.07644821693476918,2.1593428477944805
550,0.26135192973422616,0.8643511536505369,0.19825404121569756,0.4047451827006132
551,1.1298905044822625,1.200303371198329,0.0704128667160666,0.0
552,1.360860509580186,1.3852216744363717,0.024361164856185683,0.0
553,-4.724160789623274,0.8387778263553003,0.048722329712371365,5.514216286266203
554,0.959217246795935,1.2533216830568072,0.12180582428092843,0.1722986119799439
555,0.40296529883669246,1.0293711630586788,0.17052815399329976,0.45587771022868656
556,1.3747234531913848,1.3990846180475704,0.024361164856185683,0.0
557,1.3838863605101264,1.408247525366312,0.024361164856185683,0.0
558,1.1786319251575326,1.3179363648203446,0.0704128667160666,0.0688915729467453
559,0.8962852196307337,1.2439216104718926,0.14686108365083578,0.20077530719032322
560,1.1728248541667767,1.3436328436027751,0.07981293930098131,0.09099505013501707
561,1.3199079208949933,1.3988474527813974,0.03376123744110039,0.04517829444530354
562,1.2544198317168793,1.3342327710178605,0.07981293930098131,0.0
563,0.600745442872965,1.1755381521957928,0.1562611562357505,0.4185315530870772
564,1.2868457552317345,1.3112069200879202,0.024361164856185683,0.0
565,1.2844122926454171,1.3087734575016028,0.024361164856185683,0.0
566,1.1017586174567406,1.2879439038918066,0.10753882652337912,0.07864645991168677
567,1.3465232354366408,1.3802844728777413,0.03376123744110039,0.0
568,1.135548368392858,1.3433956783366023,0.07535006827469712,0.1324972416690474
569,0.5172523911557539,0.9533270002702595,0.1915245964832733,0.24455001263123222
570,1.263582739035621,1.3250698636991192,0.061487124663498205,0.0
571,1.335038018971943,1.4035474890738546,0.024361164856185683,0.04414830524572578
572,1.1893053467930637,1.3297698999915761,0.10753882652337912,0.0329257266751332
573,0.7811352011190981,1.2289605182006218,0.10080938179095486,0.34701593529056896
574,1.3885863968025838,1.4129475616587694,0.024361164856185683,0.0
575,0.8173902686847139,1.1596458001446268,0.1562611562357505,0.18599437522416234
576,0.13611052003146878,0.5541482899863743,0.16379870926087547,0.2542390606940301
577,1.1846114372335634,1.357495787213974,0.052087052078583496,0.12079729790182708
578,1.3838863605101264,1.408247525366312,0.024361164856185683,0.0
579,1.3284345860653308,1.3805216381439143,0.052087052078583496,0.0
580,1.2391170334822401,1.3480957146290595,0.07981293930098131,0.029165741845838124
581,0.8960693952007547,1.3666586945327157,0.052087052078583496,0.4185022472533776
582,1.3885863968025838,1.4129475616587694,0.024361164856185683,0.0
583,0.5284788919218111,0.7035131126095231,0.09407993705853061,0.08095428362918142
584,0.18240016908807966,1.2533216830568075,0.1285352690133527,0.942386244955375
585,0.941594825451021,1.268282775328078,0.07308349456855705,0.25360445530850007
586,1.365086215340297,1.3988474527813974,0.03376123744110039,0.0
587,0.7286890451399851,1.1836029108544626,0.07308349456855705,0.38183037114592044
588,1.2448267275235747,1.3805216381439143,0.052087052078583496,0.08360785854175616
589,0.7683672362463497,1.259119868009337,0.10080938179095486,0.38994324997203245
590,0.9031246593922713,1.2128310008832828,0.11913519642843795,0.19057114506257355
591,1.158606545140289,1.2716474976942904,0.11020945437586958,0.002831498178131982
592,1.2437359736949967,1.3480957146290595,0.07981293930098131,0.02454680163308174
593,1.1962450167590875,1.3040734212091456,0.10080938179095486,0.007019022659103399
594,1.2915457915241917,1.3436328436027751,0.052087052078583496,0.0
595,0.7022267277166829,1.1907364097332371,0.10080938179095486,0.3877003002255994
596,1.2791285353149089,1.3666586945327157,0.052087052078583496,0.03544310713922336
597,1.1941011320994492,1.2577845540830916,0.06368342198364234,0.0
598,1.165971190730701,1.2600511277892317,0.09407993705853061,0.0
599,1.1666215635575976,1.306506883795463,0.07981293930098131,0.06007238093688409
600,-0.18403559622740495,0.6399965795060579,0.22638398258444578,0.5976481931490171
601,0.5623594087761199,1.1120216190923278,0.12853526901335266,0.4211269413028553
602,0.7365684959781142,1.2405568881056805,0.13746101106592107,0.3665273810616452
603,0.820944431900835,1.2729828116205355,0.12853526901335266,0.3235031107063478
604,0.9616235479693702,1.2175310371757397,0.13793534159826737,0.11797214760810211
605,1.1204904318973476,1.2230920568620962,0.1026016249647486,0.0
606,0.5603698238554051,1.1296533392160892,0.1929127855107167,0.37637072984996744
607,0.6888990868026634,1.1187510638247522,0.12853526901335266,0.30131670800873617
608,1.0366088226266483,1.214166314809528,0.08921301188589602,0.08834448029698373
609,0.716494003016361,0.999615867396314,0.14953171150332623,0.13359015287662676
610,0.7001479277660053,1.1526791901460296,0.11693889910829385,0.3355923632717305
611,0.574874721212183,1.0097100344949503,0.12893932315970305,0.3058959901230644
612,0.20149700774115265,1.0159122735938302,0.19488931884948538,0.6195259470031922
613,0.31667411634695547,0.769339956812111,0.16716343162708763,0.2855024088380678
614,0.7375014797484469,1.156281077778415,0.17725759872572402,0.241521999304244
615,0.4403336955660172,0.9483369236104308,0.21171293068054614,0.29629029736386736
616,0.5419319805321178,1.1482163191197454,0.17012409984694937,0.43616023874067833
617,0.36439125949612294,0.9000715231456081,0.21211698482689648,0.32356327882258873
618,1.043610482321121,1.312138179867815,0.048722329712371365,0.2198053678343227
619,0.11890084623983219,0.5203341774440753,0.2473804250744194,0.15405290612982372
620,1.2222310734681976,1.274318125546781,0.052087052078583496,0.0
621,-0.8487254656229957,0.3733590800142606,0.19192865062962372,1.0301558950076326
622,1.1088002054638335,1.375821601851457,0.061487124663498205,0.2055342717241252
623,1.0267519357873607,1.2175310371757402,0.13526471374577695,0.05551438764260243
624,0.6321446245265179,1.0460716234025451,0.11020945437586956,0.30371754450015764
625,0.3061076807267796,0.5312364528354123,0.17093220813965018,0.0541965639689826
626,0.41993387940629123,1.143516282827288,0.1884499144844325,0.5351324889365643
627,1.1466462744140102,1.274318125546781,0.052087052078583496,0.0755847990541873
628,1.1173502579747867,1.2463550730582098,0.09861308447081074,0.03039173061261232
629,-1.911245870974984,0.21292509311959726,0.11507637954850417,2.009094584546077
630,0.9482500601693025,1.1826716510745674,0.08694643817975596,0.14747515272550887
631,0.9883080829648244,1.3159069563803774,0.07981293930098131,0.2477859341145717
632,0.5635429472994502,0.7332592705636723,0.11467232540215377,0.055043997862068324
633,0.787668194265884,1.0339480478639416,0.17685354457937363,0.06942630901868396
634,1.189567984687169,1.2510551093506672,0.061487124663498205,0.0
635,1.069168919361742,1.24862164676435,0.08248356715347177,0.09696916024913622
636,-0.08064927071735284,0.3703984117943989,0.14320632091725233,0.30784136159449943
637,0.28083374890225254,0.7751381417646407,0.19558341336320711,0.29872097949918097
638,1.2394587394456082,1.277682847912993,0.03822410846738458,0.0
639,0.9703175009814978,1.073797510624943,0.10348000964344531,0.0
640,-1.2882925033012442,0.8425466028678628,0.14280226677090194,1.988036839398205
641,0.912669429216558,1.0277458087650622,0.11507637954850417,0.0
642,0.7395428608570775,1.1840069650008125,0.10753882652337912,0.3369252776203558
643,-2.6899930476331768e-05,0.7318099428584481,0.18706172545698913,0.5447751173319354
644,-1.6635442727826153,0.31790730556946517,0.17766165287207442,1.803789925480006
645,0.39836052958785795,0.6689346291675069,0.13566876789212734,0.13490533168752164
646,0.31695827416117595,0.9810528874926574,0.1356687678921273,0.5284258454393541
647,0.7620655315756788,1.2381234255193632,0.11467232540215377,0.36138556854153064
648,-0.25205188469488965,0.6366318571398457,0.30729507054549926,0.5813886712892361
649,0.4470604304945368,0.9483369236104308,0.21171293068054614,0.28956356243534775
650,1.0617498389175213,1.162606468364489,0.06635404983613279,0.03450257961083502
651,0.5863065327899833,0.920206982241683,0.14280226677090196,0.19109818268079767
652,0.15440655118633506,1.013882865153863,0.191120542336923,0.6683557716306049
653,-0.3447669814251929,1.0097100344949503,0.07981293930098131,1.274664076619162
654,1.143516282827288,1.2510551093506672,0.10753882652337912,0.0
655,0.5499830381747941,1.032208679791346,0.20498348594812185,0.2772421556684299
656,-0.6053758576916981,0.5371577892751361,0.16716343162708763,0.9753702153397465
657,0.3365984666933389,1.0689305854523088,0.11507637954850415,0.6172557392104657
658,0.7505333947565865,1.0273417546187116,0.06971877220234492,0.20708958765978014
659,1.0931290270069405,1.343395678336602,0.07981293930098131,0.1704537120286801
660,1.304934404603044,1.3664215292665423,0.061487124663498205,0.0
661,0.18689908067849695,0.493012344368028,0.15706926452845124,0.14904399916107977
662,0.03803937289776682,0.9293698895604244,0.191120542336923,0.7002099743257346
663,0.3493027100748789,1.0689305854523088,0.11507637954850415,0.6045514958289258
664,1.106864653552322,1.2233292221282697,0.11646456857594752,0.0
665,-0.1295071680724874,0.4644783488529293,0.2511492015869819,0.34283631533843484
666,0.6362425309841555,1.0460716234025451,0.11020945437586956,0.29961963804252006
667,-0.13032076594848008,0.7957305301082639,0.246976370928069,0.679074925128675
668,0.8697472442446545,1.231393980786939,0.11913519642843795,0.24251154011384643
669,0.25134170282434354,1.1826716510745674,0.14953171150332623,0.7817982367468975
670,-1.633862307931623,0.281308551395697,0.16112808140838505,1.754042777918935
671,1.2591198680093372,1.3389328073103184,0.07981293930098131,0.0
672,0.6173362372599931,1.0196810501063924,0.17725759872572402,0.22508721412067534
673,-2.8298648620738502,0.6098372296973428,0.18479515175084907,3.254906940020344
674,0.08910795892472168,0.924669853267967,0.13566876789212728,0.6998931264511181
675,0.9580008976152119,1.1678774476834735,0.10753882652337912,0.10233772354488234
676,1.0840732832157087,1.2973439764767212,0.11693889910829385,0.0963317941527187
677,-1.0383408992437781,0.7631377177132316,0.21925048370567116,1.5822281332513386
678,0.6864196056352184,0.8752534290418739,0.17725759872572402,0.011576224680931425
679,0.22768463000602113,0.45438418175429307,0.1919286506296237,0.03477090111864823
680,1.264276833549343,1.332897457091616,0.06862062354227286,0.0
681,0.38281846667811603,0.7017646068287121,0.17766165287207442,0.14128448727852175
682,0.7179916067504114,0.999615867396314,0.14953171150332623,0.13209254914257643
683,-0.19424560946092634,0.6194041911624351,0.16379870926087553,0.6498510913624859
684,1.075132824551188,1.162079262730944,0.08694643817975596,0.0
685,0.9223786249411856,1.0994939894073739,0.14686108365083578,0.030254280815352575
686,1.1434932902726844,1.274318125546781,0.052087052078583496,0.07873778319551318
687,0.5402235509453616,0.8685239843094495,0.1423982126245516,0.18590222073953636
688,0.7340001737576178,1.0936958044548448,0.12180582428092843,0.23788980641629848
689,-1.4078267400528763,0.8736372124564727,0.048722329712371365,2.232741622796978
690,0.03527210124818697,0.6634264845823487,0.18885396863078288,0.4393004147033788
691,0.020996442489973552,0.13647687618482807,0.11548043369485451,0.0
692,-0.6600484666580964,0.36959030350169825,0.11507637954850412,0.9145623906112904
693,0.6055866923220605,0.9595292393691394,0.16339465511452514,0.19054789193255367
694,-2.423714139288636,0.34482508449916216,0.13607282203847768,2.6324664017493205
695,-0.38146256893167285,0.5997430625987065,0.20579159424082263,0.7754140372895567
696,0.050438842813047335,0.7665024400794439,0.14280226677090196,0.5732613304954945
697,0.9971916031091472,1.2671846266680062,0.09744465942474273,0.1725483641341164
698,0.37191185733506915,0.972988128833988,0.19558341336320717,0.4054928581357117
699,-1.265267537716822,1.176873466122038,0.1562611562357505,2.2858798476031095
700,1.2222310734681976,1.274318125546781,0.052087052078583496,0.0
701,-0.817492330611222,0.40862252026178353,0.15706926452845124,1.0690455863445543
702,0.8392929956221133,1.1956033349058715,0.15406485891560634,0.20224548036815168
703,0.6760238163456895,1.044042214962578,0.08961706603224641,0.27840133258464217
704,-0.008173881553681428,0.560587694351427,0.19192865062962372,0.3768329252754847
705,0.3785876008105623,0.8907417269466896,0.17725759872572402,0.3348965274104033
706,1.1076337552813487,1.2289605182006216,0.07308349456855705,0.04824326835071585
707,0.45591331352263964,1.1015233978473409,0.16339465511452514,0.4822154292101761
708,0.5330003102357708,1.1019274519936912,0.15179828520946628,0.4171288565484542
709,1.0978530674740559,1.1448515967535329,0.03822410846738458,0.008774420812092424
710,1.0052402740715007,1.2083681298569986,0.13526471374577695,0.06786314203972096
711,0.29504044425662684,0.8993774286318863,0.22330930058560497,0.3810276837896545
712,1.1388162465348308,1.2280292584207269,0.08921301188589602,0.0
713,1.2302976537240644,1.2868457552317347,0.052087052078583496,0.00446104942908687
714,0.28965687226537395,0.5623270624240223,0.2406509803419951,0.032019209816653266
715,0.5098135183672731,0.819968543477255,0.1929127855107167,0.11724223959926527
716,-0.594682670064334,0.23769031212213335,0.14320632091725233,0.689166661269215
717,0.9072965526455877,1.1840069650008125,0.12180582428092843,0.15490458807429644
718,0.33335145672104105,0.8978752258254643,0.19825404121569756,0.3662697278887257
719,0.10599690495422043,0.5027024573203139,0.1570692645284512,0.2396362878376423
720,0.5774550899967322,1.1482163191197454,0.17239067355308946,0.39837055556992373
721,-0.08224734632969777,0.8315211759893316,0.17725759872572402,0.7365109235933054
722,0.7514218720735029,1.2313939807869387,0.1562611562357505,0.3237109524776853
723,0.6861648320841465,1.2899733123317736,0.09188363973838647,0.5119248405092407
724,0.5455022866818415,0.9834863500789746,0.14616698913711407,0.29181707426001907
725,0.3991237597908347,0.6067534099902865,0.16153213555473542,0.04609751464471632
726,0.28373429014537255,1.019443884840219,0.15179828520946628,0.5839113094853802
727,-2.892861891601003,0.15033981979602695,0.11171165718229202,2.931490054214738
728,0.4987901512055143,1.1272198766297716,0.10080938179095486,0.5276203436333026
729,0.29137067608829986,0.535005229347975,0.111711657182292,0.1319228960773831
730,1.1556398583658916,1.2103975382969656,0.05475767993107395,0.0
731,-0.02807502656865546,0.6720184488745627,0.07308349456855705,0.6270099808746612
732,-0.24928482616579178,0.26541619934453115,0.14320632091725233,0.3714947045930706
733,0.11257010170264936,0.8399899887943514,0.17725759872572402,0.550162288365978
734,0.43772127302726027,0.8677158760167489,0.13566876789212734,0.2943258350973613
735,0.6999286748304154,1.2439216104718926,0.19338711604306302,0.35060581959841436
736,-0.4580137281394453,1.1453788023870777,0.17052815399329976,1.4328643765332232
737,-0.36145447783928497,0.25868675461210694,0.16420276340722587,0.455938469044166
738,0.691308051322629,1.098562729627479,0.14912765735697586,0.2581270209478741
739,-0.6070652492409079,0.5865742135012292,0.174991025019584,1.018648437722553
740,0.4301431666503204,0.8533257267720054,0.1839870434581483,0.23919551666353667
741,-0.26376709660748554,0.7374412389308008,0.16379870926087547,0.8374096262774109
742,0.6123975050924779,1.0537323279148645,0.08248356715347177,0.35885125566891474
743,0.8581963676749721,1.1962974294195932,0.11960952696078428,0.21849153478383687
744,0.7927522852038482,0.9838904042253249,0.1562611562357505,0.03487696278572612
745,0.2041834527708093,1.0194438848402192,0.2005206149218377,0.6147398171475722
746,-0.8704138640952686,0.3270702128882067,0.1499357656496766,1.0475483113337987
747,-0.48174364317385143,0.4539801276079429,0.2301527590970083,0.705571011684786
748,0.7330794359445216,1.132614007435951,0.10080938179095486,0.2987251897004745
749,0.33655051198462593,0.639179333505142,0.16379870926087547,0.1388301122596406
750,-0.9403150302445338,0.7134841282209652,0.25301172114677156,1.4007874373187275
751,0.9047282764416964,1.0927645446749497,0.12586464116086224,0.06217162707239096
752,1.2794690960008626,1.361958658240258,0.07981293930098131,0.0026766229384143757
753,0.5263343002064845,0.7932970675219468,0.17052815399329976,0.09643461332216256
754,0.00508219720026741,0.2792791429557301,0.17470098465221265,0.09949596110325003
755,0.7933400219703395,1.1880657818807465,0.1312058968658431,0.26351986304456393
756,0.7294210958588688,1.132614007435951,0.10080938179095486,0.30238352978612737
757,0.5093747160113802,0.9217091850481051,0.21171293068054609,0.20062153835617885
758,0.7957889319161303,0.983890404225325,0.12853526901335266,0.05956620329584205
759,0.7198344879064816,1.1354515241686185,0.19071648819057255,0.22490054807156434
760,1.0547336936705225,1.3619586582402585,0.07981293930098131,0.2274120252687549
761,0.605704670037802,1.011616291447723,0.2023128580956314,0.20359876331428953
762,0.39412754666943445,0.8558823408455172,0.09407993705853061,0.36767485711755216
763,1.0210163640326377,1.1374809326085853,0.1164645685759475,0.0
764,-0.8833673627506239,0.5963783402324944,0.2263839825844458,1.2533617203986724
765,0.334661338507074,0.9109300611439625,0.1218058242809284,0.45446289835596
766,0.4439170312153584,0.9771609594929006,0.18398704345814829,0.3492568848193939
767,0.6597130245305686,1.0478109914751406,0.20011656077548726,0.18798140616908474
768,-0.3665624090822658,0.18896798240976195,0.12597865493984128,0.4295517365521864
769,0.29957194106938767,1.0626051948662345,0.20161876358190972,0.5614144902149371
770,0.4174215959146095,0.8281564536231191,0.2263839825844458,0.18435087512406376
771,-0.3644596412728045,0.5879095274274744,0.21925048370567116,0.7331186849946077
772,1.0041958536499582,1.187371687367025,0.10080938179095486,0.08236645192611204
773,-0.11449460790686805,0.765571180299549,0.25410986980684364,0.6259559183995733
774,-0.29334438247802885,0.6555988911898524,0.28896925590801614,0.6599740177598651
775,1.1757050410759702,1.292643940184264,0.11693889910829382,0.0
776,0.6343697504654833,1.0460716234025451,0.11020945437586956,0.3014924185611922
777,1.1434733285939906,1.274318125546781,0.052087052078583496,0.07875774487420703
778,0.834153541450953,0.9806488333463074,0.09140930920604015,0.05508598268931423
779,0.11252447714830827,0.8301858620630864,0.16379870926087547,0.5538626756539027
780,-0.7340952232785191,0.28264386532194224,0.16716343162708763,0.8495756569733737
781,1.2161626317374612,1.2729828116205357,0.052087052078583496,0.004733127804491195
782,1.0957580546922276,1.2323252405668337,0.052087052078583496,0.08448013379602268
783,0.6209582814764247,0.9868510724451873,0.2004503385358417,0.16544245243292083
784,0.8399052136296775,1.1931698723195543,0.14686108365083578,0.20640357503904103
785,-1.2647058035456105,1.176873466122038,0.1562611562357505,2.285318113431898
786,0.5893141184863185,0.8465962820395808,0.1701240998469494,0.08715806370631286
787,0.07211207922950902,0.9881863863714321,0.17052815399329976,0.7455461531486233
788,0.6861061745917556,1.1735087437558258,0.16339465511452514,0.3240079140495451
789,0.7343215387007898,1.1802381884882502,0.1356687678921273,0.3102478818953332
790,-0.06816891686759236,0.563021156937744,0.22905461043693623,0.40213546336840017
791,-2.070960272695,0.5807760285486998,0.19152459648327333,2.460211704760426
792,1.076543530392745,1.2973439764767212,0.10753882652337912,0.11326161956059685
793,0.45927776222997674,0.7919617535957013,0.16112808140838505,0.1715559099573395
794,1.189567984687169,1.278780996573065,0.08921301188589602,0.0
795,0.37491366243113505,0.7504869365410833,0.15666521038210085,0.21890806372784738
796,-0.46436851693995235,0.6786247421197928,0.2657062397119025,0.8772870193478427
797,-0.3130747831954711,0.7885970312294894,0.20985041112075645,0.8918214033042041
798,-0.5485931200639228,0.5337930669089239,0.1948893188494855,0.8874968681233613
799,0.7347142048597213,0.9865610320778155,0.16299060096817475,0.08885622624991946
