0,1.3455828555216143,1.3990846180475704,0.024361164856185683,0.029140597669770608
1,1.3747234531913848,1.3990846180475704,0.024361164856185683,0.0
2,1.3885863968025838,1.4129475616587694,0.024361164856185683,0.0
3,1.3885863968025838,1.4129475616587694,0.024361164856185683,0.0
4,1.3799559346290304,1.4100707409342517,0.030114806305221297,0.0
5,1.3885863968025838,1.4129475616587694,0.024361164856185683,0.0
6,1.3799559346290304,1.4100707409342517,0.030114806305221297,0.0
7,1.3885863968025838,1.4129475616587694,0.024361164856185683,0.0
8,1.3885863968025838,1.4129475616587694,0.024361164856185683,0.0
9,1.3885863968025838,1.4129475616587694,0.024361164856185683,0.0
10,1.3574625288442779,1.3933309765985349,0.03586844775425691,0.0
11,1.2663167246924252,1.3823448537118537,0.05784069352761911,0.0581874354918094
12,1.3799559346290304,1.4100707409342517,0.030114806305221297,0.0
13,1.2628656020691043,1.382344853711854,0.05784069352761911,0.06163855811513068
14,1.3885863968025838,1.4129475616587694,0.024361164856185683,0.0
15,1.3799559346290304,1.4100707409342517,0.030114806305221297,0.0
16,1.3885863968025838,1.4129475616587694,0.024361164856185683,0.0
17,1.2536431740509622,1.3852216744363717,0.052087052078583496,0.07949144830682603
18,1.3660929910178314,1.3962077973230527,0.030114806305221297,0.0
19,1.3512629973628474,1.4129475616587694,0.024361164856185683,0.03732339943973646
20,1.2673838354964115,1.3823448537118537,0.05784069352761911,0.05712032468782303
21,1.3885863968025838,1.4129475616587694,0.024361164856185683,0.0
22,1.3885863968025838,1.4129475616587694,0.024361164856185683,0.0
23,1.3799559346290304,1.4100707409342517,0.030114806305221297,0.0
24,1.3799559346290304,1.4100707409342517,0.030114806305221297,0.0
25,1.213936772308196,1.3933309765985349,0.03586844775425691,0.1435257565360818
26,1.3799559346290304,1.4100707409342517,0.030114806305221297,0.0
27,1.3799559346290304,1.4100707409342517,0.030114806305221297,0.0
28,1.3885863968025838,1.4129475616587694,0.024361164856185683,0.0
29,1.3799559346290304,1.4100707409342517,0.030114806305221297,0.0
30,1.3799559346290304,1.4100707409342517,0.030114806305221297,0.0
31,1.3799559346290304,1.4100707409342517,0.030114806305221297,0.0
32,1.3885863968025838,1.4129475616587694,0.024361164856185683,0.0
33,1.3885863968025838,1.4129475616587694,0.024361164856185683,0.0
34,1.3799559346290304,1.4100707409342517,0.030114806305221297,0.0
35,1.3885863968025838,1.4129475616587694,0.024361164856185683,0.0
36,1.2479652332261861,1.3823448537118537,0.05784069352761911,0.07653892695804848
37,1.3885863968025838,1.4129475616587694,0.024361164856185683,0.0
38,1.3799559346290304,1.4100707409342517,0.030114806305221297,0.0
39,1.1663042517331883,1.3962077973230527,0.030114806305221297,0.19978873928464305
40,1.3799559346290304,1.4100707409342517,0.030114806305221297,0.0
41,1.3885863968025838,1.4129475616587694,0.024361164856185683,0.0
42,1.3799559346290304,1.4100707409342517,0.030114806305221297,0.0
43,1.3799559346290304,1.4100707409342517,0.030114806305221297,0.0
44,1.3660929910178314,1.3962077973230527,0.030114806305221297,0.0
45,1.2738042991359582,1.382344853711854,0.05784069352761911,0.05069986104827683
46,1.3799559346290304,1.4100707409342517,0.030114806305221297,0.0
47,1.3660929910178314,1.3962077973230527,0.030114806305221297,0.0
48,1.3885863968025838,1.4129475616587694,0.024361164856185683,0.0
49,1.3885863968025838,1.4129475616587694,0.024361164856185683,0.0
50,1.3885863968025838,1.4129475616587694,0.024361164856185683,0.0
51,1.2829153293506386,1.3130301356558598,0.030114806305221297,0.0
52,1.3885863968025838,1.4129475616587694,0.024361164856185683,0.0
53,1.3885863968025838,1.4129475616587694,0.024361164856185683,0.0
54,1.3885863968025838,1.4129475616587694,0.024361164856185683,0.0
55,1.3660929910178314,1.3962077973230527,0.030114806305221297,0.0
56,1.3799559346290304,1.4100707409342517,0.030114806305221297,0.0
57,1.3799559346290304,1.4100707409342517,0.030114806305221297,0.0
58,1.3660929910178314,1.3962077973230527,0.030114806305221297,0.0
59,1.3799559346290304,1.4100707409342517,0.030114806305221297,0.0
60,1.3885863968025838,1.4129475616587694,0.024361164856185683,0.0
61,1.3885863968025838,1.4129475616587694,0.024361164856185683,0.0
62,1.3885863968025838,1.4129475616587694,0.024361164856185683,0.0
63,1.3574625288442779,1.3933309765985349,0.03586844775425691,0.0
64,1.3660929910178314,1.3962077973230527,0.030114806305221297,0.0
65,1.3885863968025838,1.4129475616587694,0.024361164856185683,0.0
66,1.3365332639585439,1.393330976598535,0.03586844775425691,0.02092926488573428
67,1.3885863968025838,1.4129475616587694,0.024361164856185683,0.0
68,1.3799559346290304,1.4100707409342517,0.030114806305221297,0.0
69,1.3885863968025838,1.4129475616587694,0.024361164856185683,0.0
70,1.3371363967548064,1.3933309765985349,0.03586844775425691,0.02032613208947148
71,1.3885863968025838,1.4129475616587694,0.024361164856185683,0.0
72,1.3885863968025838,1.4129475616587694,0.024361164856185683,0.0
73,1.218043345179885,1.3933309765985349,0.03586844775425691,0.13941918366439282
74,1.360860509580186,1.3852216744363717,0.024361164856185683,0.0
75,1.3885863968025838,1.4129475616587694,0.024361164856185683,0.0
76,1.3327945909028422,1.4129475616587694,0.024361164856185683,0.05579180589974149
77,1.3885863968025838,1.4129475616587694,0.024361164856185683,0.0
78,1.3885863968025838,1.4129475616587694,0.024361164856185683,0.0
79,1.3799559346290304,1.4100707409342517,0.030114806305221297,0.0
80,1.3885863968025838,1.4129475616587694,0.024361164856185683,0.0
81,1.3885863968025838,1.4129475616587694,0.024361164856185683,0.0
82,1.3885863968025838,1.4129475616587694,0.024361164856185683,0.0
83,1.3799559346290304,1.4100707409342517,0.030114806305221297,0.0
84,1.3885863968025838,1.4129475616587694,0.024361164856185683,0.0
85,1.3660929910178314,1.3962077973230527,0.030114806305221297,0.0
86,1.3660929910178314,1.3962077973230527,0.030114806305221297,0.0
87,1.253821076296906,1.3823448537118537,0.05784069352761911,0.0706830838873286
88,1.2935436481599987,1.3962077973230527,0.030114806305221297,0.07254934285783284
89,1.3799559346290304,1.4100707409342517,0.030114806305221297,0.0
90,1.3799559346290304,1.4100707409342517,0.030114806305221297,0.0
91,0.9335864933308766,1.305896636777085,0.12755946572996404,0.2447506777162442
92,1.3885863968025838,1.4129475616587694,0.024361164856185683,0.0
93,1.3885863968025838,1.4129475616587694,0.024361164856185683,0.0
94,1.3799559346290304,1.4100707409342517,0.030114806305221297,0.0
95,1.2007612526540639,1.3245041601842351,0.09034441891566387,0.03339848861450741
96,1.2932254850273646,1.3962077973230527,0.030114806305221297,0.07286750599046689
97,1.3799559346290304,1.4100707409342517,0.030114806305221297,0.0
98,1.3885863968025838,1.4129475616587694,0.024361164856185683,0.0
99,1.3885863968025838,1.4129475616587694,0.024361164856185683,0.0
100,1.3885863968025838,1.4129475616587694,0.024361164856185683,0.0
101,1.3799559346290304,1.4100707409342517,0.030114806305221297,0.0
102,1.3885863968025838,1.4129475616587694,0.024361164856185683,0.0
103,1.3885863968025838,1.4129475616587694,0.024361164856185683,0.0
104,1.3799559346290304,1.4100707409342517,0.030114806305221297,0.0
105,0.8778737394016507,1.3551068681311509,0.06497419240639375,0.4122589363231064
106,1.3885863968025838,1.4129475616587694,0.024361164856185683,0.0
107,1.3885863968025838,1.4129475616587694,0.024361164856185683,0.0
108,1.3885863968025838,1.4129475616587694,0.024361164856185683,0.0
109,1.3885863968025838,1.4129475616587694,0.024361164856185683,0.0
110,1.3799559346290304,1.4100707409342517,0.030114806305221297,0.0
111,1.3799559346290304,1.4100707409342517,0.030114806305221297,0.0
112,1.3885863968025838,1.4129475616587694,0.024361164856185683,0.0
113,1.3885863968025838,1.4129475616587694,0.024361164856185683,0.0
114,1.3885863968025838,1.4129475616587694,0.024361164856185683,0.0
115,1.3051075076201262,1.3962077973230527,0.030114806305221297,0.060985483397705355
116,1.3660929910178314,1.3962077973230527,0.030114806305221297,0.0
117,1.3885863968025838,1.4129475616587694,0.024361164856185683,0.0
118,1.3799559346290304,1.4100707409342517,0.030114806305221297,0.0
119,1.3799559346290304,1.4100707409342517,0.030114806305221297,0.0
120,1.2987508721492402,1.3656050893761371,0.06359433497665473,0.0032598822502420115
121,1.3799559346290304,1.4100707409342517,0.030114806305221297,0.0
122,1.3885863968025838,1.4129475616587694,0.024361164856185683,0.0
123,1.3885863968025838,1.4129475616587694,0.024361164856185683,0.0
124,1.3713254724554766,1.4071939202097337,0.03586844775425691,0.0
125,1.3885863968025838,1.4129475616587694,0.024361164856185683,0.0
126,1.3832596293086883,1.4129475616587694,0.024361164856185683,0.005326767493895402
127,1.170016805662767,1.3933309765985349,0.03586844775425691,0.18744572318151095
128,1.3885863968025838,1.4129475616587694,0.024361164856185683,0.0
129,1.3799559346290304,1.4100707409342517,0.030114806305221297,0.0
130,1.3536822827413875,1.4129475616587694,0.024361164856185683,0.034904114061196256
131,1.3885863968025838,1.4129475616587694,0.024361164856185683,0.0
132,1.3885863968025838,1.4129475616587694,0.024361164856185683,0.0
133,1.3885863968025838,1.4129475616587694,0.024361164856185683,0.0
134,1.3799559346290304,1.4100707409342517,0.030114806305221297,0.0
135,1.3799559346290304,1.4100707409342517,0.030114806305221297,0.0
136,1.3885863968025838,1.4129475616587694,0.024361164856185683,0.0
137,1.3885863968025838,1.4129475616587694,0.024361164856185683,0.0
138,1.1383813381880918,1.3268930792670588,0.05784069352761911,0.130671047551348
139,1.2686026209092602,1.3852216744363717,0.052087052078583496,0.064532001448528
140,1.362481199222773,1.4100707409342517,0.030114806305221297,0.017474735406257512
141,1.3872164807350025,1.4129475616587694,0.024361164856185683,0.0013699160675813202
142,1.3885863968025838,1.4129475616587694,0.024361164856185683,0.0
143,1.2757818304718638,1.305896636777085,0.030114806305221297,0.0
144,1.2253512897325274,1.3933309765985349,0.03586844775425691,0.1321112391117504
145,1.3660929910178314,1.3962077973230527,0.030114806305221297,0.0
146,1.214121691832362,1.3933309765985349,0.03586844775425691,0.1433408370119159
147,1.3885863968025838,1.4129475616587694,0.024361164856185683,0.0
148,1.3885863968025838,1.4129475616587694,0.024361164856185683,0.0
149,1.3799559346290304,1.4100707409342517,0.030114806305221297,0.0
150,1.3660929910178314,1.3962077973230527,0.030114806305221297,0.0
151,1.3885863968025838,1.4129475616587694,0.024361164856185683,0.0
152,1.3799559346290304,1.4100707409342517,0.030114806305221297,0.0
153,1.2220471991419035,1.3794680329873361,0.06359433497665473,0.09382649886877788
154,1.3799559346290304,1.4100707409342517,0.030114806305221297,0.0
155,1.3799559346290304,1.4100707409342517,0.030114806305221297,0.0
156,1.2595618779089859,1.3794680329873361,0.06359433497665473,0.056311820101695526
157,1.3885863968025838,1.4129475616587694,0.024361164856185683,0.0
158,1.3885863968025838,1.4129475616587694,0.024361164856185683,0.0
159,1.3799559346290304,1.4100707409342517,0.030114806305221297,0.0
160,1.3799559346290304,1.4100707409342517,0.030114806305221297,0.0
161,1.3885863968025838,1.4129475616587694,0.024361164856185683,0.0
162,1.3799559346290304,1.4100707409342517,0.030114806305221297,0.0
163,1.35317954056639,1.4129475616587694,0.024361164856185683,0.03540685623619372
164,1.3799559346290304,1.4100707409342517,0.030114806305221297,0.0
165,1.3799559346290304,1.4100707409342517,0.030114806305221297,0.0
166,1.3885863968025838,1.4129475616587694,0.024361164856185683,0.0
167,1.3799559346290304,1.4100707409342517,0.030114806305221297,0.0
168,1.2610006583285278,1.3794680329873361,0.06359433497665473,0.05487303968215355
169,1.3660929910178314,1.3962077973230527,0.030114806305221297,0.0
170,1.3799559346290304,1.4100707409342517,0.030114806305221297,0.0
171,1.3885863968025838,1.4129475616587694,0.024361164856185683,0.0
172,1.3799559346290304,1.4100707409342517,0.030114806305221297,0.0
173,1.3885863968025838,1.4129475616587694,0.024361164856185683,0.0
174,1.3885863968025838,1.4129475616587694,0.024361164856185683,0.0
175,1.3799559346290304,1.4100707409342517,0.030114806305221297,0.0
176,1.2742204712637484,1.3823448537118537,0.05784069352761911,0.05028368892048629
177,1.3660929910178314,1.3962077973230527,0.030114806305221297,0.0
178,1.3713254724554766,1.4071939202097337,0.03586844775425691,0.0
179,1.3799559346290304,1.4100707409342517,0.030114806305221297,0.0
180,1.3885863968025838,1.4129475616587694,0.024361164856185683,0.0
181,1.3885863968025838,1.4129475616587694,0.024361164856185683,0.0
182,1.3766141417898587,1.4129475616587694,0.024361164856185683,0.01197225501272508
183,1.2754362046755614,1.4129475616587694,0.024361164856185683,0.11315019212702249
184,1.3799559346290304,1.4100707409342517,0.030114806305221297,0.0
185,1.3799559346290304,1.4100707409342517,0.030114806305221297,0.0
186,1.3799559346290304,1.4100707409342517,0.030114806305221297,0.0
187,1.3872953546619287,1.4129475616587694,0.024361164856185683,0.001291042140655108
188,1.3885863968025838,1.4129475616587694,0.024361164856185683,0.0
189,1.3885863968025838,1.4129475616587694,0.024361164856185683,0.0
190,1.3885863968025838,1.4129475616587694,0.024361164856185683,0.0
191,1.3885863968025838,1.4129475616587694,0.024361164856185683,0.0
192,1.3799559346290304,1.4100707409342517,0.030114806305221297,0.0
193,1.3660929910178314,1.3962077973230527,0.030114806305221297,0.0
194,1.3885863968025838,1.4129475616587694,0.024361164856185683,0.0
195,1.3660929910178314,1.3962077973230527,0.030114806305221297,0.0
196,1.317204171425368,1.4129475616587694,0.024361164856185683,0.07138222537721595
197,1.3799559346290304,1.4100707409342517,0.030114806305221297,0.0
198,1.3472114344823132,1.4129475616587694,0.024361164856185683,0.04137496232027054
199,1.3335083710313438,1.396207797323053,0.030114806305221297,0.03258461998648785
200,-0.021723225843367708,0.21584229154875673,0.15370454216223908,0.08386097522988535
201,0.46968611020827644,1.2743181255467808,0.13526471374577695,0.6693673015927274
202,1.185866930539199,1.3378792021537396,0.09132022219905252,0.060692049415488156
203,0.20659970253352344,0.3775319106731736,0.17093220813965015,0.0
204,0.7511487817270088,1.1945051862457996,0.19071648819057255,0.25263991632821825
205,0.28788955346085143,0.7298945481974602,0.1839870434581483,0.2580179512784605
206,1.1899113520163682,1.3130301356558596,0.11329246797241474,0.009826315667076485
207,1.1806422426346006,1.2881810691579798,0.10753882652337912,0.0
208,0.6451798045895183,1.1634145766571897,0.19071648819057255,0.32751828387709897
209,0.6249480733796995,1.2327292947131843,0.16299060096817475,0.44479062036531
210,1.0787514992026574,1.285304248433462,0.14101835519481257,0.06553439403599204
211,1.1911072055098917,1.310153314931342,0.11904610942145034,0.0
212,0.8578731554952929,1.2881810691579798,0.13526471374577695,0.29504319991690997
213,1.2326960363434885,1.324016258542541,0.09132022219905252,0.0
214,0.37911187889043985,0.5644361525604811,0.17052815399329976,0.014796119676741453
215,0.7329213334097311,1.246592238324383,0.10753882652337912,0.40613207839127274
216,0.9256667942260773,1.2575783612110643,0.16299060096817475,0.16892096601681214
217,0.0,0.0,0.0,0.0
218,0.7987801056362847,1.2714413048222633,0.13526471374577695,0.3373964854402016
219,1.1756854008330562,1.3130301356558598,0.07981293930098131,0.05753179552182252
220,0.6224027943859582,1.2050034074907863,0.16299060096817475,0.4196100121366533
221,0.4766916669178549,1.0764681384774335,0.21171293068054614,0.3880635408790325
222,0.939625365260562,1.2437154175998653,0.16299060096817475,0.14109945137112861
223,0.6686632994890054,1.2991671920446608,0.10753882652337912,0.5229650660322762
224,0.6561776432960579,1.2188663511019853,0.13526471374577695,0.4274239940601504
225,1.3106412165730361,1.3684819101006551,0.05784069352761911,0.0
226,0.9880527647098348,1.274318125546781,0.07981293930098131,0.20645242153596502
227,0.7347253894836919,1.260455181935582,0.13526471374577695,0.39046507870611313
228,0.1803213711136838,0.36995088785734626,0.11548043369485451,0.07414908304880796
229,1.029333019667873,1.274318125546781,0.10753882652337912,0.13744627935552883
230,0.1072020346116846,0.5816203487471896,0.12893932315970308,0.3454789909758019
231,0.3588384652994049,0.6660536426441364,0.15666521038210088,0.1505499669626306
232,-0.3502548262021276,0.18600919401320237,0.09448399120488099,0.441780029010449
233,0.04463532892986294,0.5299808206056589,0.14993576564967662,0.33540972602611935
234,0.3997362934183608,0.7958445438872426,0.1562611562357505,0.2398470942331312
235,0.257627542534671,0.3800450549559827,0.12220987842727878,0.00020763399403290705
236,0.34301580792481995,0.5619230082776718,0.1776616528720744,0.04124554748077752
237,0.3307578561068336,0.8790222055544362,0.13566876789212728,0.4125955815554754
238,0.45657955622756335,0.830703929988415,0.12140177013457804,0.2527226036262736
239,1.1071920807037698,1.3020440127691788,0.10753882652337912,0.08731310554202983
240,0.2209608753596538,1.0298548989015208,0.19071648819057255,0.6181775353512945
241,0.9348905203184356,1.2991671920446608,0.11329246797241474,0.2509842037538105
242,0.484925836994369,0.7924798215210305,0.13526471374577695,0.1722892707808845
243,-0.050921403474101345,0.29520770691268544,0.14320632091725233,0.20292278946953446
244,0.9186311416735559,1.285304248433462,0.13526471374577695,0.2314083930141292
245,1.2145174402208307,1.3517421457649386,0.06359433497665473,0.07363037056745309
246,0.6082507817674145,0.9760628108328288,0.16299060096817475,0.2048214280972395
247,1.1325596068871593,1.3159069563803774,0.10753882652337912,0.07580852296983875
248,1.1798878463353908,1.2991671920446608,0.10753882652337912,0.011740519185890828
249,0.9736498039462678,1.2575783612110643,0.14101835519481257,0.14291020206998395
250,0.1276402211392474,0.24985009956652618,0.12220987842727879,0.0
251,0.7112325317237438,1.246592238324383,0.16299060096817475,0.37236910563246456
252,1.2029383248841052,1.3488653250404206,0.06934797642569034,0.07657902373062496
253,-0.33046105785724167,0.8391384107109481,0.2570705380267054,0.9125289305414844
254,0.5149868338249405,0.9449722012442188,0.16299060096817475,0.26699476645110354
255,0.44748930999710645,0.6500816088964788,0.1285352690133527,0.07405702988601967
256,0.712807913391442,1.0559595976291543,0.17587774129598505,0.16727394294172712
257,0.9638402656660419,1.285304248433462,0.14101835519481257,0.1804456275726076
258,-0.2509827289639447,0.2880742080339108,0.1537045421622391,0.3853523948356164
259,1.0208560316727007,1.260455181935582,0.10753882652337912,0.13206032373950227
260,0.8805829215653476,1.246592238324383,0.10753882652337912,0.2584704902356562
261,0.18675411614483808,0.42540266230214174,0.17093220813965015,0.0677163380176535
262,0.34676818345475124,0.5312364528354122,0.1079428806697295,0.07652538871093144
263,1.1335406807222124,1.371358730825173,0.052087052078583496,0.1857309980243771
264,0.8234222484288325,1.2575783612110643,0.16299060096817475,0.27116551181405696
265,0.16198752325138194,0.5278717304692002,0.12893932315970302,0.23694488405811526
266,1.2449374381529337,1.3407560228782573,0.08556658075001693,0.010252003975306694
267,0.6056340446005802,0.7265298258312479,0.07981293930098131,0.04108284192968637
268,0.23623360411415684,0.6139665905655528,0.12893932315970305,0.24879366329169295
269,1.1370233567363712,1.3656050893761371,0.06359433497665473,0.1649873976631111
270,0.9569603692774106,1.192116267162976,0.11904610942145034,0.11610978846411506
271,1.151761251807429,1.3546189664894561,0.08556658075001693,0.1172911339320102
272,0.1341676801031269,0.583727559060346,0.08694643817975596,0.36261344077746316
273,0.1843317246087645,0.44218280434250007,0.16420276340722587,0.09364831632650965
274,1.0696674927211194,1.2575783612110643,0.14101835519481257,0.04689251329513226
275,0.5672165610277788,1.1772775202683885,0.16299060096817475,0.44707035827243496
276,0.752674497190586,1.1634145766571895,0.19071648819057255,0.22002359127603097
277,0.0890120585255123,0.1729978284854065,0.08398576995989421,0.0
278,0.27815453611792523,0.5824719268305926,0.10794288066972951,0.19637451004293782
279,0.694570939789192,1.246592238324383,0.16299060096817475,0.38903069756701625
280,0.7699667361975007,1.246592238324383,0.10753882652337912,0.36908667560350317
281,0.04578682565070481,0.2637130431777251,0.14993576564967662,0.06799045187734366
282,0.9018875932040618,1.2188663511019853,0.13526471374577695,0.18171404415214654
283,1.1994708570379828,1.285304248433462,0.05784069352761911,0.027992697867860163
284,1.216236743057554,1.3517421457649386,0.09132022219905252,0.04418518050833206
285,1.0375480967022201,1.260455181935582,0.13526471374577695,0.08764237148758491
286,0.6854341435939992,1.097464580967407,0.19071648819057255,0.22131394918283528
287,0.8275073355147415,1.2575783612110643,0.16299060096817475,0.2670804247281479
288,0.17606405073077153,0.5723777597319561,0.12893932315970305,0.2673743858414816
289,1.1839740912962842,1.3436328436027754,0.052087052078583496,0.1075717002279078
290,-1.1044415816025925,0.0,0.0,1.1044415816025925
291,0.2184832383064842,0.49216076628462474,0.14993576564967662,0.12374176232846391
292,0.3163897076954795,0.6043199474039693,0.1499357656496766,0.1379944740588132
293,0.9225342405072952,1.2159895303774675,0.16299060096817475,0.13046468890199756
294,1.2066557326711458,1.3159069563803774,0.10753882652337912,0.0017123971858523906
295,1.072706844178983,1.3159069563803774,0.10753882652337912,0.135661285678015
296,0.9999793246137595,1.2188663511019853,0.13526471374577695,0.08362231274244877
297,0.0832233655888348,0.2263405127937435,0.13270809967226554,0.010409047532643165
298,0.34157884518607967,0.6811722184850888,0.10080938179095486,0.23878399150805424
299,0.8688427389767808,1.2881810691579798,0.07981293930098131,0.3395253908802179
300,0.6175474815237338,1.1634145766571895,0.19071648819057255,0.3551506069428831
301,-0.5372053577378798,0.31158379480669346,0.17093220813965018,0.6778569444049231
302,1.0533780841404332,1.2991671920446608,0.10753882652337912,0.1382502813808483
303,0.6406846939941151,1.0142869193002135,0.24616826263536817,0.12743396267073023
304,0.5368435693091461,0.934473979999232,0.16299060096817475,0.23463980972191112
305,0.1231084958779336,0.8185460223673248,0.21211698482689648,0.4833205416624947
306,0.8329862064696593,1.1911404638795873,0.16299060096817475,0.19516365644175326
307,1.0657860507176515,1.2298524739886663,0.11329246797241474,0.05077395529860005
308,0.8994888423676531,1.2327292947131843,0.10753882652337912,0.2257016258221519
309,0.6861380047589178,1.2188663511019853,0.13526471374577695,0.3974636325972905
310,0.062000975565979395,0.12597865493984128,0.06298932746992066,0.0009883519039412345
311,1.1150297155281277,1.2991671920446608,0.10753882652337912,0.07659864999315392
312,1.1424181341672162,1.2499569606905954,0.10753882652337912,0.0
313,0.7215127209127677,1.1251904681898048,0.16299060096817475,0.24068714630886237
314,0.7260977871323181,1.2743181255467808,0.13526471374577695,0.41295562466868574
315,0.025071976919819217,0.6425459356946561,0.21925048370567118,0.3982234750691657
316,-0.029212962307293533,0.45187291729478607,0.2263839825844458,0.2547018970176338
317,1.1488684487120673,1.3159069563803774,0.10753882652337912,0.059499681144930906
318,0.8012572944139915,1.1772775202683885,0.24616826263536817,0.12985196321902875
319,1.1910665189038594,1.3130301356558598,0.11329246797241474,0.008671148779585653
320,1.2475409638197061,1.3407560228782573,0.08556658075001693,0.007648478308534287
321,-1.838606131863164,0.0,0.0,1.838606131863164
322,1.2551894421282404,1.3407560228782573,0.08556658075001693,0.0
323,1.1111394803205272,1.3656050893761371,0.06359433497665473,0.19087127407895507
324,1.1507876269177317,1.310153314931342,0.11904610942145034,0.040319578592160024
325,1.2155458046308298,1.3684819101006551,0.05784069352761911,0.09509541194220619
326,0.6509615188675418,1.1772775202683885,0.21844237541297037,0.30787362598787626
327,0.8033421876199425,1.260455181935582,0.10753882652337912,0.3495741677922604
328,1.246558979954687,1.3378792021537396,0.09132022219905252,0.0
329,0.24566183185615748,0.5874963355729086,0.0802169934473317,0.26161751026941943
330,0.0636412753866726,0.21584229154875675,0.1432063209172523,0.008994695244831855
331,-0.029163418753903048,0.36030424469576255,0.13270809967226554,0.25675956377740006
332,0.7014154000943378,1.1806422426346006,0.19071648819057255,0.28851035434969036
333,0.47014053364982455,1.1945051862457996,0.14239821262455157,0.5819664399714235
334,0.8753536426457396,1.2857921500751561,0.11231666468902607,0.2981218427403905
335,1.1402141671143822,1.3656050893761371,0.06359433497665473,0.16179658728510027
336,-0.04841957354080417,0.010498221244986776,0.020996442489973552,0.0379213522958174
337,0.10679574176934892,0.29184298454647334,0.14320632091725233,0.0418409218598721
338,0.6211557140882917,0.9134775375092583,0.1839870434581483,0.1083347799628183
339,0.9412034247316567,1.125190468189805,0.1839870434581483,0.0
340,1.2965903791405324,1.3684819101006551,0.05784069352761911,0.014050837432503708
341,1.1945051862457996,1.3020440127691788,0.10753882652337912,0.0
342,0.9857071685088743,1.2743181255467808,0.13526471374577695,0.1533462432921296
343,1.1420642084134318,1.3159069563803774,0.10753882652337912,0.06630392144356628
344,0.6172587350298898,1.2222310734681974,0.13526471374577695,0.4697076246925306
345,0.9819226364753063,1.2327292947131843,0.13526471374577695,0.115541944492101
346,0.38890152411871626,0.5312364528354122,0.1079428806697295,0.03439204804696644
347,0.669589678774998,1.066373971378797,0.24616826263536817,0.15061602996843076
348,0.6159435942147256,0.9449722012442188,0.16299060096817475,0.1660380060613184
349,-2.3662014159741274,0.0,0.0,2.3662014159741274
350,0.11277185199345084,0.27672440870552095,0.15621768644504816,0.007734870267021953
351,1.0497354962835335,1.3020440127691788,0.10753882652337912,0.14476968996226605
352,0.16026183155367216,0.45941047031991106,0.19192865062962375,0.10721998813661512
353,1.0092358600472822,1.2991671920446608,0.11329246797241474,0.17663886402496382
354,0.459278142250955,0.8063427651322295,0.16299060096817475,0.18407402191309977
355,0.640265946333952,0.934473979999232,0.1839870434581483,0.11022099020713169
356,0.9743443714133013,1.2881810691579798,0.052087052078583496,0.2617496456660951
357,0.4645205074812255,0.8168409863772161,0.16299060096817475,0.18932987792781591
358,0.9925731191677716,1.3159069563803774,0.10753882652337912,0.21579501068922652
359,1.2807621543762426,1.3656050893761371,0.06359433497665473,0.02124860002323961
360,1.2243535493050872,1.3517421457649386,0.09132022219905252,0.0360683742607987
361,0.9930803138682142,1.2714413048222633,0.13526471374577695,0.14309627720827214
362,0.6271554069407111,1.2327292947131843,0.13526471374577695,0.47030917402669614
363,0.047019173545565215,0.16249960724041973,0.11548043369485451,0.0
364,0.5676299865887725,0.889520426799423,0.16299060096817475,0.15889983924247575
365,-0.05251549249982974,0.03400780801776939,0.020996442489973552,0.06552685802762558
366,0.7779274386983316,1.2327292947131843,0.13526471374577695,0.3195371422690757
367,0.0076669162454410245,0.5056196557494733,0.19865809536204795,0.29929464414198437
368,0.07097440443209832,0.1494882417126239,0.07851383728052558,0.0
369,0.13094844837938646,0.6202919811516271,0.20538754009447224,0.2839559926777684
370,1.1774168059319823,1.3517421457649386,0.09132022219905252,0.08300511763390367
371,1.1412107738243666,1.3159069563803774,0.10753882652337912,0.06715735603263161
372,0.8093032622523988,1.260455181935582,0.13526471374577695,0.31588720593740627
373,0.019276796107836003,0.5623270624240222,0.15666521038210085,0.38638505593408534
374,0.3280591466626541,0.642096531934301,0.08694643817975596,0.22709094709189093
375,0.7428002283866497,0.9726980884666167,0.19071648819057255,0.03918137188939437
376,-0.07624329478208325,0.4959730125878896,0.20538754009447224,0.3668287672755006
377,0.5865405556067734,0.9449722012442188,0.16299060096817475,0.19544104466927056
378,1.1909768247372496,1.3378792021537396,0.11904610942145034,0.027856267995039704
379,0.28152679767314975,0.4430343824259033,0.1360728220384777,0.02543476271427584
380,0.45959947742305285,0.8928851491656351,0.21171293068054614,0.22157274106203617
381,0.5237019081400357,0.9794275331990409,0.18398704345814829,0.27173858160085684
382,1.2405652987638325,1.3268930792670586,0.08556658075001693,0.0007611997532091674
383,0.7496751734470533,1.2188663511019853,0.16299060096817475,0.3062005766867573
384,0.2692503746596417,0.4720159018780543,0.12893932315970302,0.07382620405870959
385,0.7146263132716986,1.2714413048222633,0.13526471374577695,0.4215502778047877
386,1.0092065812348254,1.2776828479129931,0.07981293930098131,0.18866332737718639
387,0.1583891235959926,0.6228051254344361,0.12893932315970305,0.3354766786787405
388,1.1858747240722463,1.2714413048222633,0.08556658075001693,0.0
389,1.1267022640589,1.2991671920446608,0.11329246797241474,0.059172460013346084
390,-0.5369663390957777,0.3821541450924413,0.18815987411706123,0.7309606100711578
391,1.0986963274117274,1.2991671920446608,0.10753882652337912,0.09293203810955408
392,1.0086537752338278,1.2991671920446608,0.10753882652337912,0.1829745902874537
393,0.10413063436646475,0.21584229154875675,0.111711657182292,0.0
394,0.05962460510370847,0.1608380410410137,0.10121343593730524,0.0
395,-0.05804711209319913,0.5656917847902343,0.20538754009447224,0.4183513567889612
396,0.7050291525950546,0.8928851491656351,0.1839870434581483,0.003868953112432175
397,-0.15699139600041256,0.9949955128003484,0.2537058156604933,0.8982810931402676
398,0.6686109051012614,1.0315145852776244,0.24616826263536817,0.11673541754099487
399,0.14401630903325538,0.32921551493045487,0.1851992058971995,0.0
400,1.0389773892844234,1.3770791139045124,0.09609806036469948,0.24200366425538952
401,1.2770810455289676,1.393330976598535,0.06359433497665473,0.052655596092912677
402,0.8274800358161305,1.2896447740830626,0.13331310717899963,0.3288516310879324
403,0.6674768607167995,1.1825100017060337,0.14101835519481257,0.3740147857944217
404,0.974278046839359,1.200870954536515,0.10368620251547267,0.12290670518168328
405,0.9693948975197894,1.3546189664894561,0.05784069352761911,0.32738337544204776
406,1.3383671037954339,1.396207797323053,0.05784069352761911,0.0
407,1.2934763709749277,1.382344853711854,0.05784069352761911,0.031027789209307207
408,1.0008605759955853,1.252917628910457,0.07308349456855705,0.17897355834631473
409,1.2380456236461734,1.316882759663766,0.07883713601759267,0.0
410,1.1307403131641975,1.2614309852189707,0.09983357850756622,0.030857093547206973
411,0.9698567931540788,1.1534042570538972,0.14101835519481257,0.042529108705005765
412,0.9593953021111801,1.3297698999915764,0.10753882652337912,0.26283577135701713
413,1.3383671037954339,1.396207797323053,0.05784069352761911,0.0
414,1.3799559346290304,1.4100707409342517,0.030114806305221297,0.0
415,1.0692988173125293,1.259934021924192,0.09707386364808812,0.09356134096357455
416,1.3372078573062811,1.3737143915383008,0.03586844775425691,0.0006380864777626538
417,-1.051273133678389,1.0715275772304615,0.030114806305221297,2.0926859046036292
418,1.0563853270033365,1.3407560228782573,0.08556658075001693,0.19880411512490373
419,1.0457517984758535,1.2289605182006218,0.07308349456855705,0.1101252251562113
420,1.0534818148387899,1.219842154385374,0.11904610942145034,0.04731423012513364
421,1.371325472455477,1.404317099485216,0.0329916270297391,0.0
422,1.0988256594816277,1.296290371320143,0.11329246797241474,0.0841722438661005
423,1.224065574169935,1.321139437818023,0.09707386364808816,0.0
424,-0.2179100509171059,0.976634559969867,0.17628179544233538,1.0182628154446376
425,0.6358790498200237,1.1406009642214305,0.04162208920329252,0.46309982519811427
426,1.377079113904513,1.4071939202097343,0.030114806305221297,0.0
427,0.9297176994424432,1.3278688825504474,0.07072783385542937,0.3274233492525749
428,1.0150319384762168,1.3122624050678007,0.08459077746662828,0.21263968912495554
429,1.3612819410067178,1.3962077973230527,0.030114806305221297,0.004811050011113682
430,1.3185265912756297,1.4129475616587694,0.024361164856185683,0.07005980552695412
431,1.305408735135391,1.3574957872139743,0.052087052078583496,0.0
432,0.8332569993004377,1.3192716787465897,0.07308349456855705,0.41293118487759495
433,1.3660929910178314,1.3962077973230527,0.030114806305221297,0.0
434,1.2653614111000666,1.3394207089520123,0.07405929785194569,0.0
435,1.2306956273073428,1.3684819101006553,0.08268976002549913,0.05509652276781336
436,1.3799559346290304,1.4100707409342517,0.030114806305221297,0.0
437,0.9869366602669373,1.1534042570538972,0.07883713601759267,0.08763046076936729
438,1.2018058200391464,1.3436328436027754,0.07981293930098131,0.0620140842626478
439,0.29923006924430795,0.750656511355074,0.1447032842120311,0.30672315789873505
440,0.72929585559721,1.249552906544245,0.14280226677090196,0.37745478417613304
441,0.9088860507647207,1.2463124093780182,0.07547241365138053,0.261953944961917
442,1.1667792990234018,1.246592238324383,0.07981293930098131,0.0
443,0.8666074647874171,1.2193542527436796,0.11329246797241474,0.23945431998384767
444,0.9844748388082024,1.1641105509942136,0.10846404068111962,0.07117167150489148
445,1.3799559346290304,1.4100707409342517,0.030114806305221297,0.0
446,1.1246854157753852,1.2609430835772764,0.10753882652337912,0.028718841278511976
447,1.3713254724554766,1.4071939202097337,0.03586844775425691,0.0
448,1.3799559346290304,1.4100707409342517,0.030114806305221297,0.0
449,1.2886357124299779,1.3522300474066327,0.06359433497665473,0.0
450,1.1391381643668175,1.2743181255467808,0.10753882652337912,0.02764113465658413
451,1.2943621675068804,1.3990846180475704,0.024361164856185683,0.08036128568450442
452,1.3354902830709159,1.3933309765985349,0.05784069352761911,0.0
453,0.9428332196808384,1.1840908124961567,0.12755946572996404,0.11369812708535404
454,0.2832513680885159,1.14975970574132,0.20976132411376885,0.6567470135390353
455,1.3048875751240003,1.3627282686516193,0.05784069352761911,0.0
456,0.6801887821776977,1.0924401722250914,0.1218058242809284,0.2904455657664653
457,1.2679931408233882,1.3823448537118543,0.05784069352761911,0.0565110193608471
458,1.3192716787465895,1.371358730825173,0.052087052078583496,0.0
459,1.3407227645085613,1.3765912122628183,0.03586844775425691,0.0
460,1.1763364762576896,1.3823448537118537,0.05784069352761911,0.1481676839265452
461,1.357462528844278,1.393330976598535,0.03586844775425691,0.0
462,1.137114828836933,1.2953984155320983,0.12083002099753976,0.03745356569762561
463,1.2020929379313847,1.3627282686516193,0.09132022219905254,0.06931510852118206
464,1.2604219235658858,1.3517421457649383,0.09132022219905252,0.0
465,0.7211620061234332,1.2786586511963818,0.10558721995660182,0.45190942511634674
466,1.293380292225929,1.3627282686516193,0.06934797642569034,0.0
467,1.3660929910178314,1.3962077973230527,0.030114806305221297,0.0
468,1.3048421588684673,1.3794680329873361,0.05784069352761911,0.01678518059124979
469,1.3799559346290304,1.4100707409342517,0.030114806305221297,0.0
470,1.2410002462438812,1.3150595440958268,0.07405929785194569,0.0
471,0.9979312411188646,1.259687451347523,0.10656302323999046,0.15519318698866777
472,1.2707989023789468,1.357495787213974,0.07981293930098131,0.006883945534045962
473,1.3713254724554766,1.4071939202097337,0.03586844775425691,0.0
474,0.9611343981490681,1.2461881841780327,0.10080938179095486,0.18424440423800978
475,0.44139596740891907,1.1517445706777933,0.12755946572996402,0.5827891375389102
476,0.42395497784880143,1.0177354891617696,0.18301124017475964,0.4107692711382085
477,0.5046157341732097,1.2241826800349747,0.14004255191142387,0.579524393950341
478,0.9123619292769928,1.122397494960631,0.10656302323999046,0.10347254244364772
479,1.3770791139045124,1.4071939202097337,0.030114806305221297,0.0
480,1.3799559346290304,1.4100707409342517,0.030114806305221297,0.0
481,1.3713254724554766,1.4071939202097337,0.03586844775425691,0.0
482,1.3713254724554766,1.4071939202097337,0.03586844775425691,0.0
483,0.40458314155886643,1.1176529151646801,0.17052815399329976,0.5425416196125139
484,1.050016339637704,1.3144938405809428,0.09609806036469948,0.16837944057853932
485,1.3713254724554766,1.4071939202097337,0.03586844775425691,0.0
486,1.266175565014922,1.3101533149313422,0.0439777499164202,0.0
487,0.26393790725357935,1.0163960094366722,0.20498348594812188,0.547474616234971
488,0.9368934427987761,1.3852216744363717,0.052087052078583496,0.3962411795590121
489,1.2147470239321634,1.3852216744363717,0.052087052078583496,0.11838759842562491
490,0.16366600997643455,1.0867703782713996,0.1180703061380617,0.8050340621569033
491,1.3483109066593346,1.3956866373116628,0.04737573065232814,0.0
492,1.1832228902537154,1.318262617093505,0.09707386364808816,0.03796586319170156
493,1.3025319144108727,1.3546189664894561,0.052087052078583496,0.0
494,1.0963635742686573,1.3297698999915764,0.07981293930098131,0.1535933864219379
495,1.3885863968025838,1.4129475616587694,0.024361164856185683,0.0
496,1.2724171081056521,1.3025319144108733,0.030114806305221297,0.0
497,0.39329232533581204,1.1176932928693215,0.1897406849071839,0.5346602826263256
498,1.2298192156189705,1.2934135505956252,0.06359433497665473,0.0
499,1.1701440213896135,1.3054087351353905,0.13526471374577695,0.0
500,1.232696036343488,1.3240162585425406,0.09132022219905252,0.0
501,0.7894690064934539,1.371846632466867,0.10656302323999046,0.4758146027334226
502,1.0026564486982208,1.190736409733237,0.07644821693476918,0.111631744100247
503,1.243160999218779,1.3459885043159028,0.10282750509712375,0.0
504,1.32973664162188,1.3933309765985349,0.06359433497665473,0.0
505,1.3245041601842347,1.3823448537118537,0.05784069352761911,0.0
506,1.0409725886721555,1.316394858022072,0.10656302323999048,0.16885924610992578
507,1.3799559346290304,1.4100707409342517,0.030114806305221297,0.0
508,1.1012600447228953,1.242459785370112,0.07883713601759267,0.06236260462962421
509,0.8015568249655869,1.2690523857394396,0.1457961933604595,0.3216993674133932
510,0.7095921055142095,1.13626043857183,0.1371657311869061,0.2895026018707144
511,1.315873698010681,1.379468032987336,0.06359433497665473,0.0
512,1.1945051862457998,1.274318125546781,0.07981293930098131,0.0
513,1.3626950102819233,1.4043170994852159,0.04162208920329252,0.0
514,1.3713254724554766,1.4071939202097337,0.03586844775425691,0.0
515,1.3540645481083702,1.4014402787606983,0.04737573065232814,0.0
516,0.9346479630080936,1.2360940170793961,0.10080938179095486,0.20063667228034773
517,1.1294138720695381,1.3378792021537396,0.11904610942145036,0.08941922066275108
518,1.1334680782183286,1.3412439245199517,0.08459077746662828,0.12318506883499475
519,0.5888157349370269,1.1587205859868865,0.10558721995660182,0.4643176310932578
520,1.3660929910178314,1.3962077973230527,0.030114806305221297,0.0
521,1.3245041601842347,1.3823448537118537,0.05784069352761911,0.0
522,1.3626950102819233,1.4043170994852159,0.04162208920329252,0.0
523,0.268497243305979,1.0488279785736818,0.12683211284654655,0.6534986224211562
524,1.3799559346290304,1.4100707409342517,0.030114806305221297,0.0
525,0.9761037469663698,1.285304248433462,0.11329246797241474,0.19590803349467745
526,1.3660929910178314,1.3962077973230527,0.030114806305221297,0.0
527,0.9676040075218608,1.1710027188079628,0.13343021304403935,0.06996849824206279
528,1.385709576078066,1.4100707409342517,0.024361164856185683,0.0
529,0.8382712803441961,1.2379617761508295,0.11904610942145034,0.280644386385183
530,1.044964860225269,1.2337050979965727,0.13428891046238828,0.05445132730891537
531,0.9921051548246997,1.162606468364489,0.07981293930098131,0.09068837423880806
532,1.010905967407311,1.2676725283097006,0.12755946572996402,0.12920709517242537
533,1.3799559346290304,1.4100707409342517,0.030114806305221297,0.0
534,1.1329760941535654,1.271441304822263,0.11329246797241474,0.025172742696282942
535,1.3713254724554766,1.4071939202097337,0.03586844775425691,0.0
536,1.2915457915241917,1.371358730825173,0.07981293930098131,0.0
537,1.297508346472247,1.371358730825173,0.052087052078583496,0.02176333227434243
538,0.6735540377259384,1.182875557971045,0.14004255191142387,0.36927896833368273
539,0.7417175786105932,1.1656075142889923,0.1218058242809284,0.3020841113974708
540,1.3626950102819233,1.4043170994852159,0.04162208920329252,0.0
541,1.142468723292864,1.248055943249466,0.10558721995660182,0.0
542,1.3207403063261256,1.3990846180475704,0.052087052078583496,0.026257259642861394
543,1.3158736980106813,1.3794680329873361,0.06359433497665473,0.0
544,-0.21481863753425867,0.976634559969867,0.17628179544233538,1.0151714020617904
545,1.3684486517309589,1.4043170994852159,0.03586844775425691,0.0
546,1.3441207452444692,1.3962077973230527,0.052087052078583496,0.0
547,0.7482707553304864,1.2240988325396305,0.15252563809288378,0.3233024391162602
548,0.7496567878254332,1.302531914410873,0.13428891046238828,0.4185862161230514
549,-1.2637627507916327,1.0489099462457236,0.15094482730276104,2.1617278697345954
550,0.22390676668061216,0.8714068506561219,0.22597992843809542,0.4215201555374143
551,1.1217924874538971,1.2131127096529497,0.09132022219905252,0.0
552,1.3464764059575973,1.3794680329873363,0.0329916270297391,0.0
553,-4.902210668302222,0.8431587297095426,0.09172427634540291,5.6536451216663615
554,1.059972374660019,1.2408385968753473,0.08556658075001693,0.09529964146531142
555,0.5491462137591715,1.030706476984924,0.17052815399329976,0.3110321092324526
556,1.3402016044971714,1.3875773351494995,0.04737573065232814,0.0
557,1.3511877273838522,1.3985634580361803,0.04737573065232814,0.0
558,1.2428234618118208,1.2949105138904042,0.052087052078583496,0.0
559,0.8451146865938052,1.2509327639739838,0.18876488162379523,0.21705319575638335
560,1.1817304486061941,1.318262617093505,0.09707386364808816,0.03945830483922266
561,1.307243235837128,1.3765912122628183,0.06934797642569034,0.0
562,1.2653614111000666,1.3394207089520123,0.07405929785194569,0.0
563,0.6004504697314512,1.1555133471903558,0.1285352690133527,0.4265276084455519
564,1.2915457915241917,1.3159069563803774,0.024361164856185683,0.0
565,1.2757818304718638,1.305896636777085,0.030114806305221297,0.0
566,1.1804751168081524,1.3020440127691788,0.07981293930098131,0.04175595666004526
567,1.3192716787465895,1.371358730825173,0.052087052078583496,0.0
568,1.136577636393476,1.3240162585425406,0.10753882652337912,0.07989979562568524
569,0.4995687723034286,0.9610280824872203,0.18301124017475964,0.278448070009032
570,1.3135180372975537,1.3656050893761371,0.052087052078583496,0.0
571,1.2368571472466559,1.407193920209734,0.03586844775425691,0.13446832520882127
572,1.2009655531483268,1.3407560228782573,0.07981293930098131,0.05997753042894947
573,0.8520109626916867,1.2891568724413685,0.10656302323999046,0.3305828865096911
574,1.3770791139045124,1.4071939202097337,0.030114806305221297,0.0
575,0.8696897777871629,1.1232894507486755,0.17352208058285729,0.08007759237865533
576,-0.46069501203187135,0.7871352061277088,0.27372645486707814,0.974103763292502
577,1.1747254074074178,1.3799559346290302,0.08459077746662828,0.12063974975498395
578,1.3626950102819233,1.4043170994852159,0.04162208920329252,0.0
579,1.2881478107882833,1.379468032987336,0.09132022219905254,0.0
580,1.246558979954687,1.3378792021537396,0.09132022219905252,0.0
581,1.1628264744852983,1.326893079267059,0.11329246797241474,0.050774136809345866
582,1.3799559346290304,1.4100707409342517,0.030114806305221297,0.0
583,0.374770914619009,0.8186733396533714,0.15528535295236182,0.2886170720820006
584,0.04325265769497588,1.2724171081056517,0.1610389944013974,1.0681254560092783
585,1.1110794472942755,1.2795506069844262,0.09132022219905252,0.07715093749109812
586,1.2177383759401987,1.4100707409342517,0.030114806305221297,0.1622175586888316
587,0.7727107488483785,1.1000211950409187,0.11507637954850412,0.212234066644036
588,1.2757485721021677,1.3660929910178317,0.09034441891566387,0.0
589,0.5328799754548049,1.2829153293506386,0.17352208058285729,0.5765132733129764
590,0.8127375772214974,1.1992497660417507,0.14677199664384816,0.23974019217640521
591,1.1999789987484704,1.3007883805394251,0.10080938179095486,0.0
592,1.2638199043017941,1.3436328436027754,0.07981293930098131,0.0
593,1.1913821631697883,1.3656050893761371,0.09132022219905252,0.08290270400729623
594,1.3245041601842347,1.3823448537118537,0.05784069352761911,0.0
595,0.7302021536424854,1.1802381884882502,0.17725759872572402,0.27277843612004077
596,1.2843187593805363,1.3794680329873361,0.06359433497665473,0.031554938630145093
597,1.2270595007594927,1.2781707495546875,0.05111124879519485,0.0
598,1.1214722808028905,1.2270595007594924,0.10558721995660182,0.0
599,1.058497838115796,1.285304248433462,0.19647012963960817,0.03033628067805805
600,-0.2882763216480837,0.6716951501374957,0.21114118154350783,0.7488302902420716
601,0.5087509623453239,1.155513347190356,0.13428891046238828,0.5124734743826438
602,0.4127792778959698,1.200870954536515,0.15865007531857395,0.6294416013219712
603,0.8973965600003513,1.2748060271884751,0.13428891046238828,0.24312055672573557
604,0.8006106058543365,1.2332171963548781,0.1481518540735872,0.2844547364269545
605,1.0419847269073181,1.246592238324383,0.12140177013457804,0.08320574128248703
606,0.46010198043108763,1.1672672006650961,0.23270937317051968,0.47445584706348887
607,0.537516196149455,1.1722531115260726,0.1285352690133527,0.5062016463632648
608,1.1596458001446275,1.2394587394456087,0.07981293930098131,0.0
609,0.6100035873349967,0.9891176461513272,0.17725759872572402,0.2018564600906066
610,0.7520866440003049,1.1214216916772424,0.1839870434581483,0.18534800421878916
611,0.6558617250241636,1.0206961573816316,0.11369652211876513,0.2511379102387028
612,0.37358256403361456,1.015628278848613,0.2283688475209189,0.4136768672940796
613,-0.023405847656188472,0.798401157960754,0.20538754009447224,0.6164194655224702
614,0.7469331560011319,1.170144021389614,0.17725759872572402,0.24595326666275813
615,0.4064007129533177,0.9416074788780066,0.14912765735697586,0.386079108567713
616,0.06965364957042164,1.0865623055760698,0.2608393145392679,0.7560693414663803
617,-0.008116705530413326,0.8681199301630991,0.20538754009447227,0.6708490955990402
618,1.0411230169369317,1.3092613591432973,0.048722329712371365,0.2194160124939944
619,0.1755542606969106,0.5262120440930966,0.2331134273168701,0.1175443560793159
620,1.0810135824913807,1.260455181935582,0.052087052078583496,0.12735454736561785
621,-0.740080676634548,0.3469745523402624,0.16379870926087553,0.9232565197139349
622,1.1695044447195564,1.3684819101006551,0.08556658075001693,0.11341088463108172
623,1.0252279809218097,1.2470801399660776,0.11329246797241474,0.10855969107185313
624,0.8527000249570323,1.0110898919246896,0.08459077746662828,0.07379908950102897
625,0.28246418134627366,0.5534904073784416,0.14993576564967662,0.12109046038249133
626,0.32679342028154645,1.1315562364805205,0.3237478865999052,0.4810149295990688
627,1.1430335017584663,1.2915457915241921,0.07308349456855705,0.07542879519716877
628,1.1525721573639638,1.260455181935582,0.10753882652337912,0.0003441980482391056
629,-2.007903368038663,0.18057885130123386,0.11507637954850417,2.0734058397913926
630,0.9984895627553924,1.1425423593672015,0.126179608300225,0.017873188311584277
631,0.9567564216751631,1.3412439245199517,0.14004255191142392,0.24444495093336474
632,0.5575393354286218,0.7332592705636723,0.11467232540215377,0.06104760973289676
633,0.6887098730765163,1.042012806522611,0.21844237541297037,0.13486055803312436
634,1.1258458341490587,1.2881810691579798,0.052087052078583496,0.11024818293033778
635,1.1138500512155765,1.2776828479129931,0.07308349456855705,0.09074930212885957
636,-0.1620921128508091,0.3804925788930353,0.17766165287207442,0.36492303887176997
637,0.1546034959841071,0.8170086813679043,0.2259799284380954,0.4364252569457017
638,1.159645800144627,1.2533216830568072,0.09367588291218022,0.0
639,0.9759048126779288,1.1247864140434547,0.10080938179095486,0.04807221957457111
640,-0.9721207626542026,0.7883523404761226,0.14280226677090196,1.6176708363594232
641,0.9145371882879915,1.0420966540179555,0.12755946572996404,0.0
642,0.754681808138415,1.1840069650008125,0.16299060096817475,0.2663345558942227
643,-0.16460091446364233,0.7786622275238362,0.2541098698068437,0.6891532721806348
644,-2.3069999968378037,0.3107756865139926,0.268376867564393,2.3493988157874033
645,-0.10106049416454199,0.804683078756126,0.19825404121569756,0.7074895317049704
646,-0.018792659264187717,1.013966712649207,0.15528535295236184,0.8774740189610327
647,0.9471248165543604,1.221827019321847,0.10080938179095486,0.17389282097653183
648,-0.15539067401029533,0.5585601657347622,0.28896925590801614,0.4249815838370414
649,0.35978284098264807,0.9693333661004043,0.21844237541297037,0.39110814970478586
650,0.9627705145128375,1.1802381884882505,0.09407993705853061,0.12338773691688239
651,0.4911236408097911,0.9093047068503458,0.2259799284380954,0.1922011376024594
652,0.10537473317372326,1.0660941424324322,0.28005184545315204,0.6806675638055569
653,-0.743771912010664,1.079024752550945,0.07981293930098131,1.7429837252606277
654,1.227463554905843,1.285304248433462,0.05784069352761911,0.0
655,0.21463406736141832,1.079957086043631,0.24421665606859086,0.6211063626136217
656,-0.7010465707989851,0.5648836764975339,0.2263839825844458,1.0395462647120732
657,0.25710561742600335,1.047934142962335,0.1915245964832733,0.5993039290530584
658,0.5604654947564243,1.0383278775053926,0.1079428806697295,0.36991950207923885
659,1.0991523892438981,1.3336225239994826,0.10080938179095486,0.13366075296462965
660,1.2467134071742967,1.3990846180475704,0.052087052078583496,0.10028415879469044
661,0.3731427991258001,0.4858788454892533,0.10794288066972951,0.004793165693723683
662,0.3421433807853091,0.9135613850046026,0.18301124017475967,0.38840676404453384
663,0.24718322825874894,1.047934142962335,0.1915245964832733,0.6092263182203128
664,1.0293547158259824,1.2360940170793964,0.1562611562357505,0.050478145017663366
665,-0.4252023985286621,0.5258079899467463,0.254513923953194,0.6964964645222144
666,0.8158743312973886,0.9943501275889727,0.1180703061380617,0.060405490153522375
667,-0.5360940269589123,0.7820269498900485,0.24657231678171862,1.0715486600672421
668,0.9360128546754247,1.205979210774175,0.10656302323999046,0.16340333285875963
669,0.5130675798084989,1.1214216916772421,0.23270937317051968,0.3756447386982236
670,-1.4933846008974998,0.2130089406149412,0.17340497471781757,1.5329885667946235
671,1.1691145933618914,1.3656050893761371,0.09132022219905254,0.10517027381519319
672,0.4192038540580368,1.0584727419119633,0.2384630146195553,0.40080587323437117
673,-2.636655228994926,0.5155178413970891,0.2602675654022297,2.8919055049897855
674,-0.3046633923495472,0.9047247299590216,0.23886706876590572,0.9705210535426632
675,0.7318485535527726,1.191140463879587,0.17685354457937363,0.282438365747441
676,0.8880389208848933,1.327380980908753,0.1677684391338217,0.27157362089003795
677,-1.0611222441986778,0.7471675637888763,0.22597992843809542,1.5823098795494586
678,0.5755826251324523,0.9340699258528818,0.14953171150332623,0.2089555892171034
679,0.007674787320704535,0.485474791342903,0.18815987411706117,0.28964012990513727
680,1.2761697644455738,1.354618966489457,0.0439777499164202,0.034471452127463054
681,0.19770103557296953,0.7088981057074867,0.1843910976044987,0.3268059725300185
682,0.638818834310241,0.9480167169594247,0.18301124017475964,0.126186642474424
683,-0.14171103715015027,0.5842608103160455,0.16379870926087553,0.5621731382053202
684,0.8999728497605182,1.1882636431550693,0.09942952436121583,0.18886126903333533
685,0.7769886827490825,1.0899270279422821,0.1839870434581483,0.1289513017350513
686,1.1430700135142138,1.2915457915241921,0.07308349456855705,0.07539228344142127
687,0.10121316746069964,0.9626877688633242,0.23943881790294394,0.6220357834996806
688,0.8614755432579296,1.033219621267733,0.12180582428092843,0.04993825372887481
689,-1.3294393941176943,0.8736372124564727,0.06971877220234492,2.133357834371822
690,-0.40367373102783743,0.699296812159908,0.2679728134180426,0.8349977297697029
691,0.013011365527795832,0.12301986654328172,0.11000850101548588,0.0
692,-0.6193524660485366,0.3238690197138302,0.19727823793230892,0.7459432478300578
693,0.4692717301211104,0.9803194889870855,0.12715541158361365,0.3838923472823615
694,-2.5926406906115407,0.4302745593841394,0.17433018887555804,2.848585061120122
695,-0.31762315879776004,0.6027441085232098,0.2402469261956447,0.6801203411253252
696,0.1488804278156347,0.8001061939508629,0.14280226677090196,0.5084234993643263
697,0.8186343345219284,1.2724171081056517,0.12520380501683634,0.32857896856688706
698,0.22576228856241876,0.9672696255779505,0.2331134273168701,0.5083939096986616
699,-1.3992601219968468,1.2022104342616122,0.21171293068054609,2.389757625577913
700,1.1840069650008131,1.2638199043017944,0.07981293930098131,0.0
701,-0.676851590384223,0.3636708468852769,0.20579159424082266,0.8347308430286773
702,0.8410611454078696,1.1853868224305515,0.13526471374577695,0.2090609632769049
703,0.35377038685719925,1.0420966540179553,0.19687418378595856,0.49145208337479745
704,-0.29686793624850366,0.5834092322326423,0.2605160158022008,0.6197611526789452
705,0.4311567336122269,0.912669429216558,0.20498348594812185,0.27652920965620925
706,1.051738275008725,1.2255957958344095,0.11467232540215377,0.05918519542353074
707,0.3472780393461853,1.060945508490131,0.1356687678921273,0.5779987012518183
708,0.8061164334287778,1.1462707581751226,0.21073712739715744,0.12941719734918736
709,0.8392071892410885,1.1844948666425068,0.13428891046238828,0.21099876693903
710,0.971543446723115,1.236581918721091,0.13428891046238828,0.13074956153558753
711,0.12437937510236313,0.9126259594258552,0.29489059234773957,0.4933559919757525
712,1.0558757501338105,1.2188663511019853,0.16299060096817475,0.0
713,1.2103433099749876,1.2671846266680062,0.052087052078583496,0.004754264614435186
714,-0.04862677148411443,0.5459528543533166,0.24024692619564472,0.3543326996417864
715,-0.1539705580078108,0.9517016459766431,0.34361292206011085,0.762059281924343
716,-0.6251281043864908,0.2624574109479716,0.17093220813965018,0.7166533071948122
717,0.9926034647579104,1.1471627139631666,0.09367588291218022,0.060883366293075974
718,0.2788569060585973,0.9480167169594247,0.25945945710952883,0.4097003537912986
719,0.05506764330581004,0.4993396147774042,0.23351748146322046,0.21075449000837365
720,0.551584685739866,1.1239348359600514,0.1839870434581483,0.3883631067620371
721,-0.030009387972386725,0.8664602437869958,0.1890133320237664,0.7074562997356161
722,0.6537354111752272,1.2499569606905951,0.21171293068054614,0.38450861883482185
723,0.6113981141524073,1.284536517845403,0.11231666468902607,0.5608217390039695
724,0.6575572717024123,0.9786598026109817,0.13092418809617615,0.19017834281239332
725,0.19042057499814663,0.6194404030682238,0.14993576564967662,0.27908406242040057
726,0.13307891317034004,1.027745808765062,0.17725759872572402,0.7174092968689979
727,-2.9072889449855026,0.16249960724041973,0.08901205852551235,2.98077649370041
728,0.6914883060545358,1.1337876719936626,0.16103899440139746,0.2812603715377293
729,0.21228759016424623,0.5488681729591738,0.17766165287207442,0.15891892992285314
730,1.14874352475329,1.1941011320994492,0.045357607346159234,0.0
731,-0.09258489593037733,0.7144992354962041,0.07883713601759267,0.7282469954089887
732,-0.6851095148939976,0.37712973635012537,0.18982144031646722,0.8724178109276558
733,-0.026619288472424563,0.8500841558929878,0.19784998706934723,0.6788534572960652
734,0.4161704959790642,0.8744453207491734,0.21211698482689653,0.24615783994321258
735,0.7687733517255255,1.2298524739886665,0.14101835519481257,0.3200607670683284
736,0.32714554495237624,0.9973107958088344,0.20878552083038016,0.461379730026078
737,-0.4837718851646453,0.2973167970491441,0.2318143252964143,0.5492743569173751
738,0.6430990420682499,1.1361765910764858,0.21746657212958173,0.27561097687865416
739,-0.6976649444379316,0.602464279576845,0.18118385880796795,1.1189453652068087
740,0.37479188519475304,0.8828748295623425,0.24519245935197953,0.26289048501560996
741,-0.9166453784366564,0.9471247611713801,0.21925048370567116,1.6445196559023654
742,0.6245276806034336,1.0966564726747066,0.10080938179095486,0.3713194102803181
743,0.6700548333068195,1.2348383848496427,0.12517054664714056,0.4396130048956826
744,0.46996958968138697,1.055108019545751,0.21073712739715744,0.37440130246720654
745,0.07357900699979436,1.0487422512550353,0.17725759872572402,0.7979056455295169
746,-1.4095592353816215,0.3414168923422477,0.18143042938463697,1.5695456983392322
747,-0.6486630991121481,0.4712077935853538,0.26460809105183036,0.8552628016456716
748,0.5682407297066135,1.155513347190356,0.13428891046238828,0.45298370702135415
749,0.32411714190695057,0.6647980104143832,0.19825404121569756,0.14242682729173511
750,-0.9210473930608378,0.700958378359314,0.2751063122968172,1.3468994591233345
751,0.7755302543670691,1.1251904681898048,0.16299060096817475,0.18666961285456093
752,1.2690523857394391,1.3546189664894561,0.08556658075001693,0.0
753,0.530623033491053,0.8362212122817888,0.19825404121569756,0.10734413757503825
754,-0.7552108321344705,0.3015330974987593,0.2091563166070348,0.847587613026195
755,0.8460613687550838,1.1513808942360846,0.16103899440139746,0.14428053107960337
756,0.5691349058945516,1.155513347190356,0.13428891046238828,0.4520895308334161
757,0.4177105749711822,0.9416074788780066,0.14912765735697586,0.3747692465498485
758,0.2558153228529144,0.9555542699845496,0.26955362420816525,0.4301853229234699
759,0.5405448130115137,1.096696850379348,0.2327093731705197,0.3234426641973146
760,1.2154735523570543,1.379468032987336,0.06359433497665473,0.1004001456536268
761,0.6882245094400872,1.0320024869193185,0.18398704345814829,0.15979093402108296
762,0.3990052164285177,0.8463557570850668,0.09407993705853059,0.35327060359801854
763,0.9776820089341005,1.1840069650008127,0.19071648819057255,0.015608467876139665
764,-0.5514090086731381,0.5494014242148729,0.20538754009447227,0.8954228927935388
765,-0.1959802502011958,1.066541666369485,0.21985549121240516,1.0426664253582758
766,0.3499872247102514,0.9831963097116032,0.20457943180177146,0.4286296531995803
767,0.7316062359352293,1.0529989294092923,0.1964701296396082,0.12492256383445483
768,-0.4980461466085686,0.18937391637941453,0.13270809967226557,0.5547119633157176
769,0.39028040231439365,1.0206123098862876,0.2503410932942811,0.37999081427761283
770,0.3781248208752582,0.870841147141238,0.20976132411376877,0.2829550021522109
771,-0.6384198241326304,0.6589654933793667,0.2679728134180425,1.0294125040939546
772,1.006085383979407,1.1735087437558263,0.10080938179095486,0.06661397798546448
773,-0.09095255576890138,0.7581536866755573,0.2266656913541128,0.6224405510903458
774,-0.3790149047020004,0.7481818649536041,0.21551496556280444,0.9116818040928
775,1.2394587394456085,1.3192716787465897,0.07981293930098131,0.0
776,0.8221921351063681,0.9943501275889727,0.1180703061380617,0.054087686344542876
777,1.1269612699262488,1.2776828479129931,0.07308349456855705,0.07763808341818738
778,0.7046359865781833,0.9496379054541891,0.12180582428092843,0.12319609459507742
779,0.4096713102456997,0.7933767492184387,0.1478285553365201,0.23587688363621898
780,-0.310147276420054,0.27465878835976454,0.13019683521275865,0.4546092295670599
781,1.2102245693888887,1.2671846266680062,0.052087052078583496,0.004873005200534026
782,1.0968787051051154,1.2647957075851828,0.06359433497665473,0.10432266750341267
783,0.5865318467078606,0.9992521909546054,0.2040076826647332,0.20871266158201154
784,0.9035853884314251,1.1978699086120117,0.1562611562357505,0.1380233639448361
785,-1.4424449366040937,1.2189501985973292,0.1562611562357505,2.5051339789656724
786,0.4734207996200098,0.875657483188224,0.2323053190241693,0.16993136454404492
787,0.021159574786187463,0.9866448795731596,0.22500412515470672,0.7404811796322655
788,0.22553535096868338,1.1878595890087191,0.1863759625409718,0.775948275499064
789,0.6268191958696503,1.1228853966023253,0.16006319111800876,0.33600300961466617
790,-1.2388508879181677,0.5862860529571601,0.35281204128464194,1.4723248995906857
791,-2.442008836978556,0.700148390243311,0.21252103897324692,2.92963618824862
792,1.0862148366658277,1.316394858022072,0.10656302323999046,0.12361699811625354
793,0.5885972805744724,0.8161167255798596,0.14855590821993755,0.07896353678544968
794,1.089242735843335,1.2834032309923327,0.06359433497665473,0.13056616017234288
795,0.3415000438533914,0.7702277468013036,0.13566876789212734,0.29305893505578484
796,-0.6978163917550175,0.7022140105890672,0.31333042076420187,1.0866999815798828
797,-0.311209630456068,0.755152640751054,0.24024692619564472,0.8261153450114773
798,-0.6469325891844079,0.5543854552525471,0.2263839825844458,0.9749340618525092
799,0.6706122327250545,1.0281498629114123,0.16299060096817475,0.19454702921818295
